category,entropy,entropy_lemma,entropy_top_1k,entropy_lemma_top_1k
subject,7.458417603505151,7.145048793767175,4.649703755421019,4.832687778278909
object,8.54508957587819,8.043444989439015,6.0574385838948235,6.072904778003203
verb,7.868569257785476,6.96364044743437,6.379653030404926,6.044191388701773
