category,entropy,entropy_lemma,entropy_top_1k,entropy_lemma_top_1k
subject,7.052244233737527,6.882661371493195,5.006284359440174,5.074478675401016
object,8.323833316461162,8.029635405624935,6.443707214782556,6.4065809099144
verb,7.519997300059281,6.983767538017061,6.248048227341526,6.03678821926286
