category,entropy,entropy_lemma,entropy_top_1k,entropy_lemma_top_1k
subject,8.035216736655112,7.74295705912828,6.0604302116589555,6.058271395887459
object,8.30099208546304,8.00805765091667,6.46159318210751,6.402087157350131
verb,6.8932059053276715,6.158298407955678,5.727622864045316,5.050488802864659
