category,entropy,entropy_lemma,entropy_top_1k,entropy_lemma_top_1k
subject,6.322294726424956,6.10829689001143,4.5327451237180725,4.4978825505257385
object,8.025778093061664,7.758290398390471,6.141239130306773,6.067606631377283
verb,8.285818644124639,7.599442485585936,6.416315862651165,6.253137568099525
