category,entropy,entropy_lemma,entropy_top_1k,entropy_lemma_top_1k
subject,7.4802241619479055,7.038811525212303,5.587737326766148,5.219005228161839
object,7.876228063078889,7.463339183690835,6.133181357145245,5.9343661836022665
verb,6.221187709755867,4.779305509950802,5.309904604548584,4.067016636174513
