category,entropy,entropy_lemma,entropy_top_1k,entropy_lemma_top_1k
subject,8.740763577704474,8.404692180384068,6.082548523335408,6.065965949600628
object,8.372523948843968,7.957062886300131,6.207392672251088,6.187651950158763
verb,8.464157362908336,7.771095462216818,6.330304222756255,6.043865721071939
