category,entropy,entropy_lemma,entropy_top_1k,entropy_lemma_top_1k
subject,6.005331790155025,5.962333459817201,4.107099442659643,4.145563480347641
object,8.093694386503605,8.006381714390772,6.436609822440899,6.425867352118253
verb,7.338378080252528,7.311386725105018,6.181977067348903,6.182232445237223
