category,entropy,entropy_lemma,entropy_top_1k,entropy_lemma_top_1k
subject,8.173017305272214,7.844908496698964,6.007159121248795,6.000060175407929
object,7.648973339091608,7.381641867353419,6.176532170109693,6.162951666802815
verb,8.501382376778825,7.252153918176672,6.486015918114288,6.174297261900335
