category,entropy,entropy_lemma,entropy_top_1k,entropy_lemma_top_1k
subject,8.539310782896814,8.07435768267312,6.350095995218702,6.31931118815155
object,8.717387745446235,7.7104300879188346,6.361704034486557,6.2928832550452825
verb,8.064602890151784,6.630382116319258,6.203172966526433,5.582872781022092
