category,entropy,entropy_lemma,entropy_top_1k,entropy_lemma_top_1k
subject,7.001319084702719,7.001319084702719,6.114387500640736,6.114387500640737
object,6.905965163168162,6.905965163168162,6.248727714356837,6.248727714356837
verb,6.434183136215135,6.434183136215135,5.997314620945184,5.997314620945184
