surprisal_mean,surprisal_sem,surprisal_std,surprisal_var_mean,surprisal_var_sem,surprisal_var_std,surprisal_var_doc_initial_mean,surprisal_var_doc_initial_sem,surprisal_var_doc_initial_std,surp_diff_squared_mean,surp_diff_squared_sem,surp_diff_squared_std,delta_surp_mean,delta_surp_sem,delta_surp_std,uidp_1_1_mean,uidp_1_1_sem,uidp_1_1_std,uidp_1_25_mean,uidp_1_25_sem,uidp_1_25_std,max_surp_mean,max_surp_sem,max_surp_std,surprisal_var_norm_mean,surprisal_var_norm_sem,surprisal_var_norm_std,language,variant,num_toks,model_seed,dataset
5.456406593322754,0.006731291845215219,5.3623948097229,27.178150177001953,0.13628437161738932,25.662689208984375,44.0003776550293,0.8019307947950947,41.016231536865234,28.52581651733951,0.14465893692057602,27.239704190076825,5.164766788482666,0.010452509651862745,1.9682294130325317,77.05504608154297,0.2583761011779171,48.65293884277344,58.5240592956543,0.1775022052111969,33.42412567138672,16.838586807250977,0.04021890086508755,7.573328971862793,0.912863698345485,0.004577544828546671,0.8619651830767178,de,RANDOM_1,20000000,1,wiki40b
