surprisal_mean,surprisal_sem,surprisal_std,surprisal_var_mean,surprisal_var_sem,surprisal_var_std,surprisal_var_doc_initial_mean,surprisal_var_doc_initial_sem,surprisal_var_doc_initial_std,surp_diff_squared_mean,surp_diff_squared_sem,surp_diff_squared_std,delta_surp_mean,delta_surp_sem,delta_surp_std,uidp_1_1_mean,uidp_1_1_sem,uidp_1_1_std,uidp_1_25_mean,uidp_1_25_sem,uidp_1_25_std,max_surp_mean,max_surp_sem,max_surp_std,surprisal_var_norm_mean,surprisal_var_norm_sem,surprisal_var_norm_std,language,variant,num_toks,model_seed,dataset
5.433985233306885,0.006272091217097239,4.996318340301514,23.592121124267578,0.13810311084181603,26.004430770874023,41.7763557434082,0.8381461905081212,42.8685302734375,25.187450990839185,0.1491883833054115,28.09182000472978,4.5348615646362305,0.010417285446368467,1.9615473747253418,76.15000915527344,0.2572007730079908,48.43027114868164,57.309078216552734,0.1759215111288813,33.12540054321289,16.263668060302734,0.041450774509616414,7.805084705352783,0.7989642197359392,0.004676991132234354,0.8806663772304546,de,RANDOM_5,20000000,1,wiki40b
