surprisal_mean,surprisal_sem,surprisal_std,surprisal_var_mean,surprisal_var_sem,surprisal_var_std,surprisal_var_doc_initial_mean,surprisal_var_doc_initial_sem,surprisal_var_doc_initial_std,surp_diff_squared_mean,surp_diff_squared_sem,surp_diff_squared_std,delta_surp_mean,delta_surp_sem,delta_surp_std,uidp_1_1_mean,uidp_1_1_sem,uidp_1_1_std,uidp_1_25_mean,uidp_1_25_sem,uidp_1_25_std,max_surp_mean,max_surp_sem,max_surp_std,surprisal_var_norm_mean,surprisal_var_norm_sem,surprisal_var_norm_std,language,variant,num_toks,model_seed,dataset
5.4748215675354,0.006305967978213985,5.02354621887207,23.93094253540039,0.13763316022315367,25.916650772094727,41.65648651123047,0.8240935166315622,42.14976119995117,25.486121960671106,0.14767264951392542,27.807195154024793,4.543747425079346,0.010479329361313714,1.9732863903045654,76.76875305175781,0.2576074514070605,48.508235931396484,57.80651092529297,0.176071503331615,33.15473175048828,16.34535789489746,0.041143585445495345,7.7474284172058105,0.7984001317210435,0.004591802117881193,0.8646498726803572,de,RANDOM_3,20000000,1,wiki40b
