surprisal_mean,surprisal_sem,surprisal_std,surprisal_var_mean,surprisal_var_sem,surprisal_var_std,surprisal_var_doc_initial_mean,surprisal_var_doc_initial_sem,surprisal_var_doc_initial_std,surp_diff_squared_mean,surp_diff_squared_sem,surp_diff_squared_std,delta_surp_mean,delta_surp_sem,delta_surp_std,uidp_1_1_mean,uidp_1_1_sem,uidp_1_1_std,uidp_1_25_mean,uidp_1_25_sem,uidp_1_25_std,max_surp_mean,max_surp_sem,max_surp_std,surprisal_var_norm_mean,surprisal_var_norm_sem,surprisal_var_norm_std,language,variant,num_toks,model_seed,dataset
5.362039566040039,0.006693368570160622,5.332009792327881,27.099109649658203,0.13922606264573026,26.215524673461914,44.593421936035156,0.8639965722326105,44.190673828125,28.448507043778683,0.15085969516656464,28.406123487215208,5.308422088623047,0.010868102299255888,2.0464069843292236,75.78527069091797,0.2537029582994216,47.770992279052734,57.61726760864258,0.1744969166627497,32.85685348510742,16.752920150756836,0.04044271550957856,7.615148544311523,0.9425270724706268,0.00484239854353385,0.9117993434234437,de,RANDOM_2,20000000,1,wiki40b
