surprisal_mean,surprisal_sem,surprisal_std,surprisal_var_mean,surprisal_var_sem,surprisal_var_std,surprisal_var_doc_initial_mean,surprisal_var_doc_initial_sem,surprisal_var_doc_initial_std,surp_diff_squared_mean,surp_diff_squared_sem,surp_diff_squared_std,delta_surp_mean,delta_surp_sem,delta_surp_std,uidp_1_1_mean,uidp_1_1_sem,uidp_1_1_std,uidp_1_25_mean,uidp_1_25_sem,uidp_1_25_std,max_surp_mean,max_surp_sem,max_surp_std,surprisal_var_norm_mean,surprisal_var_norm_sem,surprisal_var_norm_std,language,variant,num_toks,model_seed,dataset
5.476911544799805,0.006274316933260599,4.661370754241943,21.560787200927734,0.17860413546674367,29.004878997802734,32.86384963989258,0.7711247192722376,35.5219841003418,22.668141943671582,0.1848479671123986,30.018877329906125,4.666417598724365,0.011744539727340257,1.907281517982483,88.4762954711914,0.3166010737708454,51.4151725769043,65.39463806152344,0.2108958706842464,34.24898910522461,15.744443893432617,0.04463738358428386,7.248992919921875,0.7187751731338357,0.005954154533114508,0.9669407639424347,en,RANDOM_1,20000000,1,wiki40b
