surprisal_mean,surprisal_sem,surprisal_std,surprisal_var_mean,surprisal_var_sem,surprisal_var_std,surprisal_var_doc_initial_mean,surprisal_var_doc_initial_sem,surprisal_var_doc_initial_std,surp_diff_squared_mean,surp_diff_squared_sem,surp_diff_squared_std,delta_surp_mean,delta_surp_sem,delta_surp_std,uidp_1_1_mean,uidp_1_1_sem,uidp_1_1_std,uidp_1_25_mean,uidp_1_25_sem,uidp_1_25_std,max_surp_mean,max_surp_sem,max_surp_std,surprisal_var_norm_mean,surprisal_var_norm_sem,surprisal_var_norm_std,language,variant,num_toks,model_seed,dataset
5.385461807250977,0.00629269026215224,4.675061225891113,21.779048919677734,0.19077177816120292,30.98084259033203,34.36404800415039,0.8184186283359017,37.700599670410156,22.918966890861768,0.1957724176440805,31.79298253392901,4.664669036865234,0.01165692350031339,1.8930580615997314,87.09571075439453,0.3117518968306645,50.62769317626953,64.4697036743164,0.20808221539967295,33.79203414916992,15.743144035339355,0.04484765783126669,7.283146381378174,0.7509193722500714,0.006577611623213212,1.0681887365357878,en,RANDOM_2,20000000,1,wiki40b
