surprisal_mean,surprisal_sem,surprisal_std,surprisal_var_mean,surprisal_var_sem,surprisal_var_std,surprisal_var_doc_initial_mean,surprisal_var_doc_initial_sem,surprisal_var_doc_initial_std,surp_diff_squared_mean,surp_diff_squared_sem,surp_diff_squared_std,delta_surp_mean,delta_surp_sem,delta_surp_std,uidp_1_1_mean,uidp_1_1_sem,uidp_1_1_std,uidp_1_25_mean,uidp_1_25_sem,uidp_1_25_std,max_surp_mean,max_surp_sem,max_surp_std,surprisal_var_norm_mean,surprisal_var_norm_sem,surprisal_var_norm_std,language,variant,num_toks,model_seed,dataset
5.075995445251465,0.005962616364464485,4.480434894561768,19.31666374206543,0.1428532562067099,22.5078125,27.065845489501953,0.499803231736789,25.941652297973633,20.70908443180292,0.15361069234132058,24.202825810206907,4.104074478149414,0.011100723409992172,1.7490242719650269,88.31172180175781,0.3455503835409218,54.44466781616211,64.6255111694336,0.2289326019164829,36.07051467895508,15.597823143005371,0.04655583905134481,7.335294723510742,0.7497000349698879,0.005544312291375472,0.8735591421421757,fr,RANDOM_3,20000000,1,wiki40b
