surprisal_mean,surprisal_sem,surprisal_std,surprisal_var_mean,surprisal_var_sem,surprisal_var_std,surprisal_var_doc_initial_mean,surprisal_var_doc_initial_sem,surprisal_var_doc_initial_std,surp_diff_squared_mean,surp_diff_squared_sem,surp_diff_squared_std,delta_surp_mean,delta_surp_sem,delta_surp_std,uidp_1_1_mean,uidp_1_1_sem,uidp_1_1_std,uidp_1_25_mean,uidp_1_25_sem,uidp_1_25_std,max_surp_mean,max_surp_sem,max_surp_std,surprisal_var_norm_mean,surprisal_var_norm_sem,surprisal_var_norm_std,language,variant,num_toks,model_seed,dataset
5.193953990936279,0.007104746104512833,4.916184425354004,21.858924865722656,0.19841101353605717,30.224994659423828,32.97257995605469,1.1986953331845427,60.40044021606445,24.102717814324325,0.2186296112986135,33.30497612024872,4.156928539276123,0.012454679736458259,1.8972796201705933,82.55549621582031,0.4200695071945243,63.991371154785156,60.99327087402344,0.27420669978660694,41.771339416503906,15.771519660949707,0.05599180449376817,8.529508590698242,0.8102759759769893,0.007354778102351684,1.1203912755165994,hi,RANDOM_3,20000000,1,wiki40b
