surprisal_mean,surprisal_sem,surprisal_std,surprisal_var_mean,surprisal_var_sem,surprisal_var_std,surprisal_var_doc_initial_mean,surprisal_var_doc_initial_sem,surprisal_var_doc_initial_std,surp_diff_squared_mean,surp_diff_squared_sem,surp_diff_squared_std,delta_surp_mean,delta_surp_sem,delta_surp_std,uidp_1_1_mean,uidp_1_1_sem,uidp_1_1_std,uidp_1_25_mean,uidp_1_25_sem,uidp_1_25_std,max_surp_mean,max_surp_sem,max_surp_std,surprisal_var_norm_mean,surprisal_var_norm_sem,surprisal_var_norm_std,language,variant,num_toks,model_seed,dataset
5.245439052581787,0.007078068672213033,4.896873474121094,21.60979461669922,0.19561521144710808,29.79440689086914,31.61178207397461,1.1053085936858251,55.6838493347168,23.925510622348988,0.21491460138098908,32.73481682509596,4.191229343414307,0.01259006173219059,1.9176180362701416,83.27374267578125,0.42372810317666265,64.5403823852539,61.435672760009766,0.27649197212638776,42.114017486572266,15.752015113830566,0.0561054191656008,8.545727729797363,0.78539184146217,0.007109498010232161,1.0828631365283117,hi,RANDOM_5,20000000,1,wiki40b
