surprisal_mean,surprisal_sem,surprisal_std,surprisal_var_mean,surprisal_var_sem,surprisal_var_std,surprisal_var_doc_initial_mean,surprisal_var_doc_initial_sem,surprisal_var_doc_initial_std,surp_diff_squared_mean,surp_diff_squared_sem,surp_diff_squared_std,delta_surp_mean,delta_surp_sem,delta_surp_std,uidp_1_1_mean,uidp_1_1_sem,uidp_1_1_std,uidp_1_25_mean,uidp_1_25_sem,uidp_1_25_std,max_surp_mean,max_surp_sem,max_surp_std,surprisal_var_norm_mean,surprisal_var_norm_sem,surprisal_var_norm_std,language,variant,num_toks,model_seed,dataset
5.114415168762207,0.007186904157827805,4.972857475280762,22.319486618041992,0.19035641937918849,28.999141693115234,33.02280044555664,1.0864514329676316,54.73387145996094,24.542312138516372,0.21151172557732514,32.22275450990966,4.380764484405518,0.01279908826643108,1.9498332738876343,81.49137878417969,0.4183036531015856,63.72642135620117,60.38963317871094,0.27299287475616046,41.5889892578125,15.777669906616211,0.05583194042813583,8.505707740783691,0.8532801460974386,0.0072773888064779895,1.1086499361862774,hi,RANDOM_2,20000000,1,wiki40b
