surprisal_mean,surprisal_sem,surprisal_std,surprisal_var_mean,surprisal_var_sem,surprisal_var_std,surprisal_var_doc_initial_mean,surprisal_var_doc_initial_sem,surprisal_var_doc_initial_std,surp_diff_squared_mean,surp_diff_squared_sem,surp_diff_squared_std,delta_surp_mean,delta_surp_sem,delta_surp_std,uidp_1_1_mean,uidp_1_1_sem,uidp_1_1_std,uidp_1_25_mean,uidp_1_25_sem,uidp_1_25_std,max_surp_mean,max_surp_sem,max_surp_std,surprisal_var_norm_mean,surprisal_var_norm_sem,surprisal_var_norm_std,language,variant,num_toks,model_seed,dataset
5.196201324462891,0.007247193471492633,5.0151848793029785,22.611053466796875,0.19364259448112098,29.488985061645508,33.308128356933594,1.1175990397455844,56.30302047729492,24.860411172774622,0.21377075208314059,32.554976511680564,4.476179599761963,0.012738561621036863,1.939904808998108,82.80765533447266,0.4238975620987138,64.55484771728516,61.318565368652344,0.277086537194906,42.19731521606445,15.907017707824707,0.056066863724461784,8.538384437561035,0.83742936544212,0.007171812647513014,1.0921660534158635,hi,RANDOM_1,20000000,1,wiki40b
