surprisal_mean,surprisal_sem,surprisal_std,surprisal_var_mean,surprisal_var_sem,surprisal_var_std,surprisal_var_doc_initial_mean,surprisal_var_doc_initial_sem,surprisal_var_doc_initial_std,surp_diff_squared_mean,surp_diff_squared_sem,surp_diff_squared_std,delta_surp_mean,delta_surp_sem,delta_surp_std,uidp_1_1_mean,uidp_1_1_sem,uidp_1_1_std,uidp_1_25_mean,uidp_1_25_sem,uidp_1_25_std,max_surp_mean,max_surp_sem,max_surp_std,surprisal_var_norm_mean,surprisal_var_norm_sem,surprisal_var_norm_std,language,variant,num_toks,model_seed,dataset
6.227468013763428,0.006978815921289781,5.471670150756836,26.73854637145996,0.15155406796652365,31.00863265991211,28.109128952026367,0.6237090804427409,39.120052337646484,30.01821071608887,0.15586306059746027,31.89066392743092,5.24399995803833,0.011953378868838125,2.4457006454467773,72.5532455444336,0.25217698877959055,51.59711837768555,55.4262809753418,0.1758146706525345,35.972808837890625,15.876975059509277,0.039317480277908386,8.044614791870117,0.6894685081857219,0.003907910246795192,0.7995760085271417,hu,RANDOM_1,20000000,1,wiki40b
