surprisal_mean,surprisal_sem,surprisal_std,surprisal_var_mean,surprisal_var_sem,surprisal_var_std,surprisal_var_doc_initial_mean,surprisal_var_doc_initial_sem,surprisal_var_doc_initial_std,surp_diff_squared_mean,surp_diff_squared_sem,surp_diff_squared_std,delta_surp_mean,delta_surp_sem,delta_surp_std,uidp_1_1_mean,uidp_1_1_sem,uidp_1_1_std,uidp_1_25_mean,uidp_1_25_sem,uidp_1_25_std,max_surp_mean,max_surp_sem,max_surp_std,surprisal_var_norm_mean,surprisal_var_norm_sem,surprisal_var_norm_std,language,variant,num_toks,model_seed,dataset
5.519678115844727,0.005693815370226193,4.584278583526611,20.997282028198242,0.2054333170169712,38.56345748901367,30.260900497436523,0.9319154963730621,58.399322509765625,22.492323604799505,0.21521520411731135,40.399740443792105,4.27688455581665,0.011827578862878368,2.220242738723755,78.89835357666016,0.2684410962800125,50.39111328125,58.771697998046875,0.17990948472339233,33.772216796875,15.194753646850586,0.04080325955957584,7.659485816955566,0.6891851698006964,0.00674284790693073,1.2657530698596968,id,RANDOM_3,20000000,1,wiki40b
