surprisal_mean,surprisal_sem,surprisal_std,surprisal_var_mean,surprisal_var_sem,surprisal_var_std,surprisal_var_doc_initial_mean,surprisal_var_doc_initial_sem,surprisal_var_doc_initial_std,surp_diff_squared_mean,surp_diff_squared_sem,surp_diff_squared_std,delta_surp_mean,delta_surp_sem,delta_surp_std,uidp_1_1_mean,uidp_1_1_sem,uidp_1_1_std,uidp_1_25_mean,uidp_1_25_sem,uidp_1_25_std,max_surp_mean,max_surp_sem,max_surp_std,surprisal_var_norm_mean,surprisal_var_norm_sem,surprisal_var_norm_std,language,variant,num_toks,model_seed,dataset
5.579864025115967,0.005786909268848608,4.659520149230957,21.49344253540039,0.20504695098434456,38.49089431762695,30.23712921142578,1.0730722558018433,67.24500274658203,22.88693063153553,0.2131436014433848,40.010863595278785,4.465277194976807,0.01152858234634078,2.1641194820404053,79.84217834472656,0.271220094882328,50.912784576416016,59.549163818359375,0.18178016854496062,34.12333297729492,15.276479721069336,0.03999124925073588,7.507053852081299,0.6903355298017134,0.006585762797824763,1.2362653872329314,id,RANDOM_1,20000000,1,wiki40b
