surprisal_mean,surprisal_sem,surprisal_std,surprisal_var_mean,surprisal_var_sem,surprisal_var_std,surprisal_var_doc_initial_mean,surprisal_var_doc_initial_sem,surprisal_var_doc_initial_std,surp_diff_squared_mean,surp_diff_squared_sem,surp_diff_squared_std,delta_surp_mean,delta_surp_sem,delta_surp_std,uidp_1_1_mean,uidp_1_1_sem,uidp_1_1_std,uidp_1_25_mean,uidp_1_25_sem,uidp_1_25_std,max_surp_mean,max_surp_sem,max_surp_std,surprisal_var_norm_mean,surprisal_var_norm_sem,surprisal_var_norm_std,language,variant,num_toks,model_seed,dataset
5.444711208343506,0.006173688077431213,5.0624918937683105,24.02654457092285,0.19425850192505392,41.451133728027344,31.492687225341797,0.5825433319072901,33.99281311035156,26.4960591056296,0.20141659343064197,42.97873315466959,4.917675018310547,0.012047769778554493,2.5707688331604004,63.86054611206055,0.2203496213615118,47.018646240234375,48.884613037109375,0.15406846858513099,32.87546920776367,14.563881874084473,0.03538866352898052,7.5512776374816895,0.8104833672507528,0.006552851419431137,1.3982624160253705,ru,EFFICIENT_OV,20000000,1,wiki40b
