surprisal_mean,surprisal_sem,surprisal_std,surprisal_var_mean,surprisal_var_sem,surprisal_var_std,surprisal_var_doc_initial_mean,surprisal_var_doc_initial_sem,surprisal_var_doc_initial_std,surp_diff_squared_mean,surp_diff_squared_sem,surp_diff_squared_std,delta_surp_mean,delta_surp_sem,delta_surp_std,uidp_1_1_mean,uidp_1_1_sem,uidp_1_1_std,uidp_1_25_mean,uidp_1_25_sem,uidp_1_25_std,max_surp_mean,max_surp_sem,max_surp_std,surprisal_var_norm_mean,surprisal_var_norm_sem,surprisal_var_norm_std,language,variant,num_toks,model_seed,dataset
5.630904197692871,0.0064330348532487345,5.275137901306152,26.366336822509766,0.18257560588788538,38.9582405090332,34.12786102294922,0.5555972073102308,32.42039489746094,28.55615372725001,0.18577698737573306,39.64151826174878,5.245332717895508,0.01197102676213772,2.5544028282165527,66.19184112548828,0.22634193418389104,48.297237396240234,50.79735565185547,0.1580899389582184,33.7335090637207,15.116517066955566,0.03504503224560018,7.47797155380249,0.8315630369201787,0.005758196656907004,1.2286971661773072,ru,RANDOM_2,20000000,1,wiki40b
