surprisal_mean,surprisal_sem,surprisal_std,surprisal_var_mean,surprisal_var_sem,surprisal_var_std,surprisal_var_doc_initial_mean,surprisal_var_doc_initial_sem,surprisal_var_doc_initial_std,surp_diff_squared_mean,surp_diff_squared_sem,surp_diff_squared_std,delta_surp_mean,delta_surp_sem,delta_surp_std,uidp_1_1_mean,uidp_1_1_sem,uidp_1_1_std,uidp_1_25_mean,uidp_1_25_sem,uidp_1_25_std,max_surp_mean,max_surp_sem,max_surp_std,surprisal_var_norm_mean,surprisal_var_norm_sem,surprisal_var_norm_std,language,variant,num_toks,model_seed,dataset
5.763861656188965,0.0061390881945828845,5.033609390258789,24.17106819152832,0.17606850424099135,37.56977844238281,31.569623947143555,0.5856217740832321,34.17240905761719,26.550058970129783,0.17374631935380436,37.07438681651904,4.714544773101807,0.01187778430445391,2.534501552581787,67.33679962158203,0.2305134470144084,49.18736267089844,51.29481506347656,0.1599450093409886,34.129295349121094,14.853168487548828,0.03528671269144736,7.529552936553955,0.7275603236137408,0.005299740267331347,1.13087069371535,ru,RANDOM_3,20000000,1,wiki40b
