surprisal_mean,surprisal_sem,surprisal_std,surprisal_var_mean,surprisal_var_sem,surprisal_var_std,surprisal_var_doc_initial_mean,surprisal_var_doc_initial_sem,surprisal_var_doc_initial_std,surp_diff_squared_mean,surp_diff_squared_sem,surp_diff_squared_std,delta_surp_mean,delta_surp_sem,delta_surp_std,uidp_1_1_mean,uidp_1_1_sem,uidp_1_1_std,uidp_1_25_mean,uidp_1_25_sem,uidp_1_25_std,max_surp_mean,max_surp_sem,max_surp_std,surprisal_var_norm_mean,surprisal_var_norm_sem,surprisal_var_norm_std,language,variant,num_toks,model_seed,dataset
5.708749771118164,0.0061530597928801355,5.045254230499268,24.093971252441406,0.19539244605406395,41.69313049316406,31.451934814453125,0.5644122441552465,32.93482208251953,26.54846874190722,0.1938214272737381,41.358059237178516,4.793838024139404,0.012096430113532536,2.5811524391174316,66.71701049804688,0.2297205442246562,49.01818084716797,50.843994140625,0.15971510990067533,34.08027648925781,14.783648490905762,0.035730198722984746,7.6241888999938965,0.7393128100251928,0.005995504698316556,1.2793344985513713,ru,RANDOM_5,20000000,1,wiki40b
