surprisal_mean,surprisal_sem,surprisal_std,surprisal_var_mean,surprisal_var_sem,surprisal_var_std,surprisal_var_doc_initial_mean,surprisal_var_doc_initial_sem,surprisal_var_doc_initial_std,surp_diff_squared_mean,surp_diff_squared_sem,surp_diff_squared_std,delta_surp_mean,delta_surp_sem,delta_surp_std,uidp_1_1_mean,uidp_1_1_sem,uidp_1_1_std,uidp_1_25_mean,uidp_1_25_sem,uidp_1_25_std,max_surp_mean,max_surp_sem,max_surp_std,surprisal_var_norm_mean,surprisal_var_norm_sem,surprisal_var_norm_std,language,variant,num_toks,model_seed,dataset
6.168640613555908,0.00605013963104339,5.059615135192871,21.28034210205078,0.13925858580916847,30.97673988342285,32.119415283203125,0.5834577561615372,38.83832931518555,26.356349909873398,0.1444007627551019,32.12097514156812,4.537459373474121,0.011042677729197387,2.4563515186309814,68.85945892333984,0.24184399303273127,53.7963752746582,52.281742095947266,0.16712966751725197,37.1767692565918,14.17195987701416,0.03558460452812351,7.915512561798096,0.5592444019247744,0.003659679388678134,0.8140709815307822,tr,RANDOM_1,20000000,1,wiki40b
