surprisal_mean,surprisal_sem,surprisal_std,surprisal_var_mean,surprisal_var_sem,surprisal_var_std,surprisal_var_doc_initial_mean,surprisal_var_doc_initial_sem,surprisal_var_doc_initial_std,surp_diff_squared_mean,surp_diff_squared_sem,surp_diff_squared_std,delta_surp_mean,delta_surp_sem,delta_surp_std,uidp_1_1_mean,uidp_1_1_sem,uidp_1_1_std,uidp_1_25_mean,uidp_1_25_sem,uidp_1_25_std,max_surp_mean,max_surp_sem,max_surp_std,surprisal_var_norm_mean,surprisal_var_norm_sem,surprisal_var_norm_std,language,variant,num_toks,model_seed,dataset
6.236582279205322,0.006010594781571017,5.026856422424316,20.996402740478516,0.14066056373679026,31.286373138427734,31.369203567504883,0.5715835778080917,38.04362106323242,26.168745121257448,0.1429442023870676,31.795045230048107,4.458583831787109,0.010981052818538332,2.442479372024536,69.55876922607422,0.24321441168683358,54.09809112548828,52.74494552612305,0.16795541838376968,37.358062744140625,14.201641082763672,0.035617651350235244,7.922405242919922,0.5398276338103757,0.0036164215982420838,0.8043916739306096,tr,RANDOM_3,20000000,1,wiki40b
