surprisal_mean,surprisal_sem,surprisal_std,surprisal_var_mean,surprisal_var_sem,surprisal_var_std,surprisal_var_doc_initial_mean,surprisal_var_doc_initial_sem,surprisal_var_doc_initial_std,surp_diff_squared_mean,surp_diff_squared_sem,surp_diff_squared_std,delta_surp_mean,delta_surp_sem,delta_surp_std,uidp_1_1_mean,uidp_1_1_sem,uidp_1_1_std,uidp_1_25_mean,uidp_1_25_sem,uidp_1_25_std,max_surp_mean,max_surp_sem,max_surp_std,surprisal_var_norm_mean,surprisal_var_norm_sem,surprisal_var_norm_std,language,variant,num_toks,model_seed,dataset
6.225227355957031,0.005938524129504437,4.966779708862305,20.376371383666992,0.13405118168608382,29.816728591918945,30.577451705932617,0.5753811600865609,38.300636291503906,25.556238062865543,0.1369331409859181,30.45769844638164,4.353457927703857,0.010871725087683547,2.4181575775146484,69.36445617675781,0.24311549526457435,54.07529067993164,52.53486251831055,0.1677302539574477,37.307762145996094,14.102755546569824,0.03552276596633463,7.901214599609375,0.5257976966407455,0.003459076979511061,0.7693939011857129,tr,RANDOM_5,20000000,1,wiki40b
