surprisal_mean,surprisal_sem,surprisal_std,surprisal_var_mean,surprisal_var_sem,surprisal_var_std,surprisal_var_doc_initial_mean,surprisal_var_doc_initial_sem,surprisal_var_doc_initial_std,surp_diff_squared_mean,surp_diff_squared_sem,surp_diff_squared_std,delta_surp_mean,delta_surp_sem,delta_surp_std,uidp_1_1_mean,uidp_1_1_sem,uidp_1_1_std,uidp_1_25_mean,uidp_1_25_sem,uidp_1_25_std,max_surp_mean,max_surp_sem,max_surp_std,surprisal_var_norm_mean,surprisal_var_norm_sem,surprisal_var_norm_std,language,variant,num_toks,model_seed,dataset
4.825541019439697,0.00594829533582484,4.171536445617676,17.925615310668945,0.2665814832292805,37.32699203491211,27.795454025268555,0.7958287322509404,36.032657623291016,19.772616124160983,0.3080774112146052,43.13853881777519,3.873006820678711,0.015594918217457253,2.183619976043701,91.43716430664062,0.4352786519219009,60.94984817504883,65.90554809570312,0.28260218958135147,39.57133102416992,14.202914237976074,0.05932629998112594,8.30715274810791,0.7698062519861713,0.011448219402341196,1.6029960165434256,vi,RANDOM_4,20000000,1,wiki40b
