surprisal_mean,surprisal_sem,surprisal_std,surprisal_var_mean,surprisal_var_sem,surprisal_var_std,surprisal_var_doc_initial_mean,surprisal_var_doc_initial_sem,surprisal_var_doc_initial_std,surp_diff_squared_mean,surp_diff_squared_sem,surp_diff_squared_std,delta_surp_mean,delta_surp_sem,delta_surp_std,uidp_1_1_mean,uidp_1_1_sem,uidp_1_1_std,uidp_1_25_mean,uidp_1_25_sem,uidp_1_25_std,max_surp_mean,max_surp_sem,max_surp_std,surprisal_var_norm_mean,surprisal_var_norm_sem,surprisal_var_norm_std,language,variant,num_toks,model_seed,dataset
4.985574245452881,0.005942604062238688,4.167572021484375,18.042051315307617,0.27461881261582044,38.45356369018555,29.869197845458984,0.8690219148795085,39.356231689453125,19.89774847557202,0.311304330788604,43.590388223922574,3.8214595317840576,0.015418487751861679,2.1589701175689697,94.31229400634766,0.4476968538939077,62.68881607055664,67.82135772705078,0.2893716233733017,40.519203186035156,14.415600776672363,0.06001060558609374,8.402984619140625,0.7258666067389986,0.011048413075049803,1.547054016176618,vi,RANDOM_3,20000000,1,wiki40b
