surprisal_mean,surprisal_sem,surprisal_std,surprisal_var_mean,surprisal_var_sem,surprisal_var_std,surprisal_var_doc_initial_mean,surprisal_var_doc_initial_sem,surprisal_var_doc_initial_std,surp_diff_squared_mean,surp_diff_squared_sem,surp_diff_squared_std,delta_surp_mean,delta_surp_sem,delta_surp_std,uidp_1_1_mean,uidp_1_1_sem,uidp_1_1_std,uidp_1_25_mean,uidp_1_25_sem,uidp_1_25_std,max_surp_mean,max_surp_sem,max_surp_std,surprisal_var_norm_mean,surprisal_var_norm_sem,surprisal_var_norm_std,language,variant,num_toks,model_seed,dataset
6.34443998336792,0.007111595366070133,5.665398597717285,31.048463821411133,0.16667267685275097,31.384918212890625,50.30521011352539,0.9006496878724906,46.06538772583008,32.60268192965994,0.17583074080231278,33.10944673682168,5.168248653411865,0.011788683213363451,2.2198359966278076,88.86383056640625,0.28863377261923584,54.350460052490234,66.82139587402344,0.19671107556603687,37.04121398925781,18.852556228637695,0.04490192030784915,8.4551362991333,0.7713521708375508,0.004140738588768335,0.7797132806831941,de,RANDOM_3,6666666,2,wiki40b
