surprisal_mean,surprisal_sem,surprisal_std,surprisal_var_mean,surprisal_var_sem,surprisal_var_std,surprisal_var_doc_initial_mean,surprisal_var_doc_initial_sem,surprisal_var_doc_initial_std,surp_diff_squared_mean,surp_diff_squared_sem,surp_diff_squared_std,delta_surp_mean,delta_surp_sem,delta_surp_std,uidp_1_1_mean,uidp_1_1_sem,uidp_1_1_std,uidp_1_25_mean,uidp_1_25_sem,uidp_1_25_std,max_surp_mean,max_surp_sem,max_surp_std,surprisal_var_norm_mean,surprisal_var_norm_sem,surprisal_var_norm_std,language,variant,num_toks,model_seed,dataset
6.004002571105957,0.007029750790629244,5.222999095916748,27.286209106445312,0.20740689491086406,33.682369232177734,40.121822357177734,1.058464843726555,48.75837707519531,28.57991632072397,0.22556759282091113,36.63164926436973,5.2209882736206055,0.013104257893180477,2.1280953884124756,97.14498901367188,0.341780051727313,55.504173278808594,71.94116973876953,0.227901920425178,37.01070785522461,17.876399993896484,0.04980852690794447,8.088763236999512,0.756940336415479,0.0057536234650850645,0.9343749877207731,en,EFFICIENT_OV,6666666,2,wiki40b
