surprisal_mean,surprisal_sem,surprisal_std,surprisal_var_mean,surprisal_var_sem,surprisal_var_std,surprisal_var_doc_initial_mean,surprisal_var_doc_initial_sem,surprisal_var_doc_initial_std,surp_diff_squared_mean,surp_diff_squared_sem,surp_diff_squared_std,delta_surp_mean,delta_surp_sem,delta_surp_std,uidp_1_1_mean,uidp_1_1_sem,uidp_1_1_std,uidp_1_25_mean,uidp_1_25_sem,uidp_1_25_std,max_surp_mean,max_surp_sem,max_surp_std,surprisal_var_norm_mean,surprisal_var_norm_sem,surprisal_var_norm_std,language,variant,num_toks,model_seed,dataset
6.195830821990967,0.006726051362580207,4.997310161590576,25.267108917236328,0.22065595472963734,35.83399200439453,37.904335021972656,1.086257576223528,50.03863525390625,26.489899248283486,0.2301520780676161,37.376158941113474,4.6332550048828125,0.012951948165457743,2.103362560272217,99.68287658691406,0.34823592768505973,56.55250549316406,73.31039428710938,0.23087760564824897,37.49393081665039,17.713943481445312,0.0499265142058675,8.107924461364746,0.6581996208085082,0.005747996864431813,0.9334612409404749,en,RANDOM_3,6666666,2,wiki40b
