surprisal_mean,surprisal_sem,surprisal_std,surprisal_var_mean,surprisal_var_sem,surprisal_var_std,surprisal_var_doc_initial_mean,surprisal_var_doc_initial_sem,surprisal_var_doc_initial_std,surp_diff_squared_mean,surp_diff_squared_sem,surp_diff_squared_std,delta_surp_mean,delta_surp_sem,delta_surp_std,uidp_1_1_mean,uidp_1_1_sem,uidp_1_1_std,uidp_1_25_mean,uidp_1_25_sem,uidp_1_25_std,max_surp_mean,max_surp_sem,max_surp_std,surprisal_var_norm_mean,surprisal_var_norm_sem,surprisal_var_norm_std,language,variant,num_toks,model_seed,dataset
5.955876350402832,0.006660086631032402,5.183049201965332,26.320404052734375,0.2283607026025753,37.14910125732422,33.75406265258789,0.593602675454747,40.430442810058594,28.242978411502502,0.23688732984113225,38.53626116642624,5.04998779296875,0.01298106591115814,2.1117303371429443,104.13916778564453,0.4272245463522067,69.49968719482422,76.1036148071289,0.2750897781780271,44.750885009765625,18.01396369934082,0.05139843764581139,8.361372947692871,0.7419966675104489,0.006437689396386449,1.04726783004333,fa,RANDOM_2,6666666,2,wiki40b
