surprisal_mean,surprisal_sem,surprisal_std,surprisal_var_mean,surprisal_var_sem,surprisal_var_std,surprisal_var_doc_initial_mean,surprisal_var_doc_initial_sem,surprisal_var_doc_initial_std,surp_diff_squared_mean,surp_diff_squared_sem,surp_diff_squared_std,delta_surp_mean,delta_surp_sem,delta_surp_std,uidp_1_1_mean,uidp_1_1_sem,uidp_1_1_std,uidp_1_25_mean,uidp_1_25_sem,uidp_1_25_std,max_surp_mean,max_surp_sem,max_surp_std,surprisal_var_norm_mean,surprisal_var_norm_sem,surprisal_var_norm_std,language,variant,num_toks,model_seed,dataset
6.017202854156494,0.00665166769414223,5.176799297332764,26.65935516357422,0.23644715691750112,38.46463394165039,34.681461334228516,0.6060718984425614,41.2796745300293,28.543877687319817,0.24561886434314834,39.956686202155325,4.770723342895508,0.012983229080423165,2.112077474594116,105.11085510253906,0.4289861282260906,69.78638458251953,76.73954010009766,0.27542303521428235,44.80513381958008,18.243268966674805,0.05101756157448894,8.29939079284668,0.7363085378132103,0.006530475267992722,1.0623620125104611,fa,RANDOM_3,6666666,2,wiki40b
