surprisal_mean,surprisal_sem,surprisal_std,surprisal_var_mean,surprisal_var_sem,surprisal_var_std,surprisal_var_doc_initial_mean,surprisal_var_doc_initial_sem,surprisal_var_doc_initial_std,surp_diff_squared_mean,surp_diff_squared_sem,surp_diff_squared_std,delta_surp_mean,delta_surp_sem,delta_surp_std,uidp_1_1_mean,uidp_1_1_sem,uidp_1_1_std,uidp_1_25_mean,uidp_1_25_sem,uidp_1_25_std,max_surp_mean,max_surp_sem,max_surp_std,surprisal_var_norm_mean,surprisal_var_norm_sem,surprisal_var_norm_std,language,variant,num_toks,model_seed,dataset
5.754270553588867,0.007973826887167652,5.5180768966674805,27.667768478393555,0.23610285045478174,35.96839141845703,40.32560348510742,1.4158589318499128,71.3289794921875,30.27246400461981,0.2617070351681659,39.86975911014976,4.897276401519775,0.014206415149859195,2.1642282009124756,91.63229370117188,0.46431870954093946,70.73678588867188,67.84127044677734,0.30256711453975993,46.09438705444336,17.736907958984375,0.06093907880612362,9.283769607543945,0.8355901746833863,0.007130511675353404,1.0862744212346014,hi,RANDOM_2,6666666,2,wiki40b
