surprisal_mean,surprisal_sem,surprisal_std,surprisal_var_mean,surprisal_var_sem,surprisal_var_std,surprisal_var_doc_initial_mean,surprisal_var_doc_initial_sem,surprisal_var_doc_initial_std,surp_diff_squared_mean,surp_diff_squared_sem,surp_diff_squared_std,delta_surp_mean,delta_surp_sem,delta_surp_std,uidp_1_1_mean,uidp_1_1_sem,uidp_1_1_std,uidp_1_25_mean,uidp_1_25_sem,uidp_1_25_std,max_surp_mean,max_surp_sem,max_surp_std,surprisal_var_norm_mean,surprisal_var_norm_sem,surprisal_var_norm_std,language,variant,num_toks,model_seed,dataset
5.899448394775391,0.007778652885396795,5.382116317749023,26.28018569946289,0.2311585826366076,35.208133697509766,37.886566162109375,1.3717161344104556,69.10509490966797,28.92492229220724,0.256104629283474,39.00869495968663,4.590471267700195,0.013719322431341191,2.0896193981170654,93.58116149902344,0.4671712814890914,71.15729522705078,68.9561996459961,0.3039112362659528,46.29039001464844,17.646692276000977,0.060019347844412395,9.141849517822266,0.7551037647791372,0.006641822046796693,1.011630391274596,hi,RANDOM_5,6666666,2,wiki40b
