surprisal_mean,surprisal_sem,surprisal_std,surprisal_var_mean,surprisal_var_sem,surprisal_var_std,surprisal_var_doc_initial_mean,surprisal_var_doc_initial_sem,surprisal_var_doc_initial_std,surp_diff_squared_mean,surp_diff_squared_sem,surp_diff_squared_std,delta_surp_mean,delta_surp_sem,delta_surp_std,uidp_1_1_mean,uidp_1_1_sem,uidp_1_1_std,uidp_1_25_mean,uidp_1_25_sem,uidp_1_25_std,max_surp_mean,max_surp_sem,max_surp_std,surprisal_var_norm_mean,surprisal_var_norm_sem,surprisal_var_norm_std,language,variant,num_toks,model_seed,dataset
5.887633800506592,0.007892013456373942,5.460965633392334,27.22999382019043,0.23350330167974015,35.57620620727539,38.8995246887207,1.4112296349766404,71.1097183227539,29.84080041710466,0.25850203832972346,39.38488735020194,4.863704204559326,0.014066689385329359,2.1431729793548584,93.54003143310547,0.46474599806183514,70.807861328125,69.07972717285156,0.30312548823249175,46.183528900146484,17.746593475341797,0.06013420403891379,9.161927223205566,0.7855346536025404,0.006736144975145922,1.0263064567496847,hi,RANDOM_4,6666666,2,wiki40b
