surprisal_mean,surprisal_sem,surprisal_std,surprisal_var_mean,surprisal_var_sem,surprisal_var_std,surprisal_var_doc_initial_mean,surprisal_var_doc_initial_sem,surprisal_var_doc_initial_std,surp_diff_squared_mean,surp_diff_squared_sem,surp_diff_squared_std,delta_surp_mean,delta_surp_sem,delta_surp_std,uidp_1_1_mean,uidp_1_1_sem,uidp_1_1_std,uidp_1_25_mean,uidp_1_25_sem,uidp_1_25_std,max_surp_mean,max_surp_sem,max_surp_std,surprisal_var_norm_mean,surprisal_var_norm_sem,surprisal_var_norm_std,language,variant,num_toks,model_seed,dataset
7.164036273956299,0.007894272134571131,6.189367771148682,35.061763763427734,0.1966895787457341,40.24361038208008,35.719181060791016,0.7536718796689748,47.271400451660156,38.69606017743842,0.19922515366056212,40.76284911207012,5.992257118225098,0.01383158627955708,2.8299899101257324,83.3854751586914,0.2819461659867838,57.68815994262695,63.63846969604492,0.19633066688556935,40.17055892944336,18.489551544189453,0.04487620037622113,9.181939125061035,0.6831546860286206,0.003832355540488423,0.7841171758828266,hu,RANDOM_1,6666666,2,wiki40b
