surprisal_mean,surprisal_sem,surprisal_std,surprisal_var_mean,surprisal_var_sem,surprisal_var_std,surprisal_var_doc_initial_mean,surprisal_var_doc_initial_sem,surprisal_var_doc_initial_std,surp_diff_squared_mean,surp_diff_squared_sem,surp_diff_squared_std,delta_surp_mean,delta_surp_sem,delta_surp_std,uidp_1_1_mean,uidp_1_1_sem,uidp_1_1_std,uidp_1_25_mean,uidp_1_25_sem,uidp_1_25_std,max_surp_mean,max_surp_sem,max_surp_std,surprisal_var_norm_mean,surprisal_var_norm_sem,surprisal_var_norm_std,language,variant,num_toks,model_seed,dataset
6.380692481994629,0.006395823292852984,5.150464057922363,26.399084091186523,0.23948392434111718,44.955284118652344,35.545310974121094,1.182775566522881,74.1194839477539,28.110229945412126,0.25200006023643773,47.304915408405115,4.89231014251709,0.013004672609512727,2.4412128925323486,91.1220474243164,0.3053882397404093,57.32671356201172,67.7850570678711,0.20391118156712815,38.27772903442383,17.33115577697754,0.04464401286904964,8.380461692810059,0.6484142634447756,0.005882212780816962,1.104196474198108,id,RANDOM_1,6666666,2,wiki40b
