surprisal_mean,surprisal_sem,surprisal_std,surprisal_var_mean,surprisal_var_sem,surprisal_var_std,surprisal_var_doc_initial_mean,surprisal_var_doc_initial_sem,surprisal_var_doc_initial_std,surp_diff_squared_mean,surp_diff_squared_sem,surp_diff_squared_std,delta_surp_mean,delta_surp_sem,delta_surp_std,uidp_1_1_mean,uidp_1_1_sem,uidp_1_1_std,uidp_1_25_mean,uidp_1_25_sem,uidp_1_25_std,max_surp_mean,max_surp_sem,max_surp_std,surprisal_var_norm_mean,surprisal_var_norm_sem,surprisal_var_norm_std,language,variant,num_toks,model_seed,dataset
6.35099458694458,0.006363933030169093,5.124547958374023,26.25507354736328,0.24695579661146583,46.3573112487793,35.19001007080078,1.1696867334366683,73.29015350341797,27.976213210194814,0.2636024415974534,49.48288976406186,4.878292560577393,0.013613871602245375,2.5555202960968018,90.68614959716797,0.3040825855058175,57.081695556640625,67.44810485839844,0.2031916909159327,38.14265823364258,17.194997787475586,0.04509534561951709,8.465205192565918,0.6509228760107321,0.0061225976617434435,1.149304704754036,id,RANDOM_4,6666666,2,wiki40b
