surprisal_mean,surprisal_sem,surprisal_std,surprisal_var_mean,surprisal_var_sem,surprisal_var_std,surprisal_var_doc_initial_mean,surprisal_var_doc_initial_sem,surprisal_var_doc_initial_std,surp_diff_squared_mean,surp_diff_squared_sem,surp_diff_squared_std,delta_surp_mean,delta_surp_sem,delta_surp_std,uidp_1_1_mean,uidp_1_1_sem,uidp_1_1_std,uidp_1_25_mean,uidp_1_25_sem,uidp_1_25_std,max_surp_mean,max_surp_sem,max_surp_std,surprisal_var_norm_mean,surprisal_var_norm_sem,surprisal_var_norm_std,language,variant,num_toks,model_seed,dataset
5.556500434875488,0.006273671815507398,4.400641441345215,20.256656646728516,0.2703261105764363,37.8524055480957,32.403568267822266,1.0080020465755493,45.639225006103516,22.376567806582113,0.29703776390312936,41.59377287387001,3.938450336456299,0.01633429994242086,2.2872090339660645,104.7712173461914,0.48602723194628245,68.05763244628906,75.01380157470703,0.3121740587897053,43.71323776245117,15.888888359069824,0.06594311641430262,9.233922004699707,0.6560942278116451,0.008755587418297803,1.2260011087069165,vi,RANDOM_5,6666666,2,wiki40b
