surprisal_mean,surprisal_sem,surprisal_std,surprisal_var_mean,surprisal_var_sem,surprisal_var_std,surprisal_var_doc_initial_mean,surprisal_var_doc_initial_sem,surprisal_var_doc_initial_std,surp_diff_squared_mean,surp_diff_squared_sem,surp_diff_squared_std,delta_surp_mean,delta_surp_sem,delta_surp_std,uidp_1_1_mean,uidp_1_1_sem,uidp_1_1_std,uidp_1_25_mean,uidp_1_25_sem,uidp_1_25_std,max_surp_mean,max_surp_sem,max_surp_std,surprisal_var_norm_mean,surprisal_var_norm_sem,surprisal_var_norm_std,language,variant,num_toks,model_seed,dataset
6.833733558654785,0.00761464881309989,5.658891201019287,32.146392822265625,0.25630540690690623,41.62334060668945,46.14607238769531,1.1786611923683032,54.29521179199219,33.519874146293105,0.27251271936839794,44.25542796791922,5.6550397872924805,0.014448037027396788,2.3463237285614014,110.30489349365234,0.376942239618674,61.21436309814453,81.38551330566406,0.25026468275156677,40.6423225402832,19.951562881469727,0.053892195776124016,8.751965522766113,0.6883592802987236,0.005488348769668377,0.8912949979062315,en,EFFICIENT_OV,2222222,2,wiki40b
