surprisal_mean,surprisal_sem,surprisal_std,surprisal_var_mean,surprisal_var_sem,surprisal_var_std,surprisal_var_doc_initial_mean,surprisal_var_doc_initial_sem,surprisal_var_doc_initial_std,surp_diff_squared_mean,surp_diff_squared_sem,surp_diff_squared_std,delta_surp_mean,delta_surp_sem,delta_surp_std,uidp_1_1_mean,uidp_1_1_sem,uidp_1_1_std,uidp_1_25_mean,uidp_1_25_sem,uidp_1_25_std,max_surp_mean,max_surp_sem,max_surp_std,surprisal_var_norm_mean,surprisal_var_norm_sem,surprisal_var_norm_std,language,variant,num_toks,model_seed,dataset
6.997169017791748,0.007509650062211689,5.580852031707764,31.517318725585938,0.2619699481882187,42.543312072753906,44.62770080566406,1.1737334498923135,54.0682373046875,32.79469931361922,0.2747392830589271,44.6170167012841,5.511655807495117,0.014586764004766347,2.368856430053711,112.6914291381836,0.3822896973772585,62.08280944824219,82.91075134277344,0.2529955378718602,41.08586502075195,20.017738342285156,0.0540935587288306,8.784666061401367,0.6437313105017599,0.005350652674723775,0.8689334742848438,en,RANDOM_4,2222222,2,wiki40b
