surprisal_mean,surprisal_sem,surprisal_std,surprisal_var_mean,surprisal_var_sem,surprisal_var_std,surprisal_var_doc_initial_mean,surprisal_var_doc_initial_sem,surprisal_var_doc_initial_std,surp_diff_squared_mean,surp_diff_squared_sem,surp_diff_squared_std,delta_surp_mean,delta_surp_sem,delta_surp_std,uidp_1_1_mean,uidp_1_1_sem,uidp_1_1_std,uidp_1_25_mean,uidp_1_25_sem,uidp_1_25_std,max_surp_mean,max_surp_sem,max_surp_std,surprisal_var_norm_mean,surprisal_var_norm_sem,surprisal_var_norm_std,language,variant,num_toks,model_seed,dataset
8.282976150512695,0.00873094841602524,6.845573425292969,43.53021240234375,0.2227800164768894,45.58229064941406,41.84596252441406,0.7867817041991919,49.34822082519531,47.47435360553499,0.22528437992111222,46.09529818899682,6.7489118576049805,0.015321976908075245,3.134978771209717,96.27081298828125,0.3136153164951726,64.16832733154297,73.32286834716797,0.21755180232655522,44.51303482055664,21.086475372314453,0.04812657367846543,9.84714126586914,0.6344737776750099,0.0032471579338966823,0.6643910493752766,hu,RANDOM_1,2222222,2,wiki40b
