surprisal_mean,surprisal_sem,surprisal_std,surprisal_var_mean,surprisal_var_sem,surprisal_var_std,surprisal_var_doc_initial_mean,surprisal_var_doc_initial_sem,surprisal_var_doc_initial_std,surp_diff_squared_mean,surp_diff_squared_sem,surp_diff_squared_std,delta_surp_mean,delta_surp_sem,delta_surp_std,uidp_1_1_mean,uidp_1_1_sem,uidp_1_1_std,uidp_1_25_mean,uidp_1_25_sem,uidp_1_25_std,max_surp_mean,max_surp_sem,max_surp_std,surprisal_var_norm_mean,surprisal_var_norm_sem,surprisal_var_norm_std,language,variant,num_toks,model_seed,dataset
8.31002426147461,0.008443691378861461,6.620289325714111,41.12226867675781,0.21597510256584934,44.18977355957031,40.02853775024414,0.7762758668625261,48.69536209106445,44.89223203176517,0.21792782316415346,44.58954509377681,6.335043430328369,0.014820519170903422,3.0323736667633057,96.35021209716797,0.31134326879611346,63.70299530029297,73.16825866699219,0.21528075137079827,44.048004150390625,20.749794006347656,0.04703380587290702,9.623414993286133,0.5954842605668047,0.003127513048232417,0.6399108754025015,hu,RANDOM_3,2222222,2,wiki40b
