surprisal_mean,surprisal_sem,surprisal_std,surprisal_var_mean,surprisal_var_sem,surprisal_var_std,surprisal_var_doc_initial_mean,surprisal_var_doc_initial_sem,surprisal_var_doc_initial_std,surp_diff_squared_mean,surp_diff_squared_sem,surp_diff_squared_std,delta_surp_mean,delta_surp_sem,delta_surp_std,uidp_1_1_mean,uidp_1_1_sem,uidp_1_1_std,uidp_1_25_mean,uidp_1_25_sem,uidp_1_25_std,max_surp_mean,max_surp_sem,max_surp_std,surprisal_var_norm_mean,surprisal_var_norm_sem,surprisal_var_norm_std,language,variant,num_toks,model_seed,dataset
7.249213218688965,0.006974389797641457,5.617710590362549,31.68311882019043,0.267178798305333,50.153289794921875,39.356712341308594,1.1816744674359863,74.0411376953125,33.55619439173272,0.27656248531413646,51.9157216099421,5.334782600402832,0.014847080652552603,2.7870116233825684,103.39834594726562,0.3361289380867913,63.097286224365234,76.73588562011719,0.22356006767322867,41.966148376464844,19.574533462524414,0.047927158891731936,8.996770858764648,0.6028986251506587,0.005084172326741859,0.9543764751056267,id,RANDOM_4,2222222,2,wiki40b
