surprisal_mean,surprisal_sem,surprisal_std,surprisal_var_mean,surprisal_var_sem,surprisal_var_std,surprisal_var_doc_initial_mean,surprisal_var_doc_initial_sem,surprisal_var_doc_initial_std,surp_diff_squared_mean,surp_diff_squared_sem,surp_diff_squared_std,delta_surp_mean,delta_surp_sem,delta_surp_std,uidp_1_1_mean,uidp_1_1_sem,uidp_1_1_std,uidp_1_25_mean,uidp_1_25_sem,uidp_1_25_std,max_surp_mean,max_surp_sem,max_surp_std,surprisal_var_norm_mean,surprisal_var_norm_sem,surprisal_var_norm_std,language,variant,num_toks,model_seed,dataset
7.9512739181518555,0.008015181665442662,6.572940826416016,42.93949890136719,0.4202777366690465,89.67855072021484,50.03512191772461,0.7939004116416319,46.32598876953125,45.43029731710606,0.4411822144556437,94.14046948522528,6.608540058135986,0.015148311664137902,3.2323780059814453,92.89591979980469,0.2982446109574927,63.63995361328125,70.71145629882812,0.20597870745926242,43.95204544067383,20.129484176635742,0.04199839087373989,8.961677551269531,0.6791790654993778,0.00664757124685191,1.4184739493346934,ru,RANDOM_4,2222222,2,wiki40b
