surprisal_mean,surprisal_sem,surprisal_std,surprisal_var_mean,surprisal_var_sem,surprisal_var_std,surprisal_var_doc_initial_mean,surprisal_var_doc_initial_sem,surprisal_var_doc_initial_std,surp_diff_squared_mean,surp_diff_squared_sem,surp_diff_squared_std,delta_surp_mean,delta_surp_sem,delta_surp_std,uidp_1_1_mean,uidp_1_1_sem,uidp_1_1_std,uidp_1_25_mean,uidp_1_25_sem,uidp_1_25_std,max_surp_mean,max_surp_sem,max_surp_std,surprisal_var_norm_mean,surprisal_var_norm_sem,surprisal_var_norm_std,language,variant,num_toks,model_seed,dataset
7.94524621963501,0.00803428647597524,6.588403701782227,42.49032211303711,0.3466753057130978,73.97395324707031,49.913818359375,0.7675598179343941,44.7889518737793,45.17496157327549,0.369917833455769,78.93391295352109,6.721034526824951,0.014947345184589197,3.1894876956939697,92.85054779052734,0.29726592939762114,63.43121337890625,70.70042419433594,0.20546693986378442,43.84288024902344,20.16263198852539,0.042126605398306496,8.989044189453125,0.6730954407469845,0.005491718010143701,1.1718353433474005,ru,RANDOM_1,2222222,2,wiki40b
