surprisal_mean,surprisal_sem,surprisal_std,surprisal_var_mean,surprisal_var_sem,surprisal_var_std,surprisal_var_doc_initial_mean,surprisal_var_doc_initial_sem,surprisal_var_doc_initial_std,surp_diff_squared_mean,surp_diff_squared_sem,surp_diff_squared_std,delta_surp_mean,delta_surp_sem,delta_surp_std,uidp_1_1_mean,uidp_1_1_sem,uidp_1_1_std,uidp_1_25_mean,uidp_1_25_sem,uidp_1_25_std,max_surp_mean,max_surp_sem,max_surp_std,surprisal_var_norm_mean,surprisal_var_norm_sem,surprisal_var_norm_std,language,variant,num_toks,model_seed,dataset
7.938619613647461,0.007724890403562544,6.334773063659668,39.67772674560547,0.36104534363769747,77.04004669189453,46.51311492919922,0.7676595631997081,44.794761657714844,42.38028485960482,0.38117101852888885,81.33514330976861,6.170733451843262,0.0150712044019127,3.2159197330474854,92.45525360107422,0.29663885454008865,63.29720687866211,70.11795043945312,0.20439869405850308,43.61484146118164,19.789676666259766,0.04192410707518922,8.945846557617188,0.6295894479464779,0.005728906596756587,1.222447186183869,ru,RANDOM_5,2222222,2,wiki40b
