surprisal_mean,surprisal_sem,surprisal_std,surprisal_var_mean,surprisal_var_sem,surprisal_var_std,surprisal_var_doc_initial_mean,surprisal_var_doc_initial_sem,surprisal_var_doc_initial_std,surp_diff_squared_mean,surp_diff_squared_sem,surp_diff_squared_std,delta_surp_mean,delta_surp_sem,delta_surp_std,uidp_1_1_mean,uidp_1_1_sem,uidp_1_1_std,uidp_1_25_mean,uidp_1_25_sem,uidp_1_25_std,max_surp_mean,max_surp_sem,max_surp_std,surprisal_var_norm_mean,surprisal_var_norm_sem,surprisal_var_norm_std,language,variant,num_toks,model_seed,dataset
7.587908744812012,0.007423897721225578,6.209958076477051,33.196598052978516,0.19128011369873976,42.54883575439453,45.54471206665039,0.8151296179786767,54.259708404541016,40.14306707430842,0.21772284131265138,48.430976679921805,5.553603649139404,0.013394978353629244,2.9796195030212402,84.82408905029297,0.2866512928287944,63.76355743408203,64.47567749023438,0.19833074978998963,44.117069244384766,17.97237205505371,0.04366396927721396,9.712701797485352,0.57657174931768,0.003322198982773528,0.7390007428284228,tr,APPROX,2222222,2,wiki40b
