surprisal_mean,surprisal_sem,surprisal_std,surprisal_var_mean,surprisal_var_sem,surprisal_var_std,surprisal_var_doc_initial_mean,surprisal_var_doc_initial_sem,surprisal_var_doc_initial_std,surp_diff_squared_mean,surp_diff_squared_sem,surp_diff_squared_std,delta_surp_mean,delta_surp_sem,delta_surp_std,uidp_1_1_mean,uidp_1_1_sem,uidp_1_1_std,uidp_1_25_mean,uidp_1_25_sem,uidp_1_25_std,max_surp_mean,max_surp_sem,max_surp_std,surprisal_var_norm_mean,surprisal_var_norm_sem,surprisal_var_norm_std,language,variant,num_toks,model_seed,dataset
7.992321491241455,0.00728209385359465,6.091327667236328,31.38689613342285,0.18463161948630505,41.069557189941406,43.904544830322266,0.7702227444769684,51.27042770385742,38.64013097674979,0.20490924608457756,45.580678897955636,5.490517616271973,0.013440448681632584,2.9897162914276123,89.01757049560547,0.2946227223546327,65.53662109375,67.35037994384766,0.2031129455576665,45.18092727661133,18.156843185424805,0.04355234703886821,9.68790340423584,0.4913653669725908,0.0028904149340963233,0.6429532952286597,tr,RANDOM_1,2222222,2,wiki40b
