surprisal_mean,surprisal_sem,surprisal_std,surprisal_var_mean,surprisal_var_sem,surprisal_var_std,surprisal_var_doc_initial_mean,surprisal_var_doc_initial_sem,surprisal_var_doc_initial_std,surp_diff_squared_mean,surp_diff_squared_sem,surp_diff_squared_std,delta_surp_mean,delta_surp_sem,delta_surp_std,uidp_1_1_mean,uidp_1_1_sem,uidp_1_1_std,uidp_1_25_mean,uidp_1_25_sem,uidp_1_25_std,max_surp_mean,max_surp_sem,max_surp_std,surprisal_var_norm_mean,surprisal_var_norm_sem,surprisal_var_norm_std,language,variant,num_toks,model_seed,dataset
7.969628810882568,0.007260402481580409,6.072901725769043,31.192134857177734,0.18184044868355406,40.44869613647461,43.07925033569336,0.7600303187160126,50.59198760986328,38.421106697498615,0.20202883812734868,44.93949747169042,5.3980326652526855,0.013224399968439713,2.941633939743042,88.77226257324219,0.29372749921872704,65.33694458007812,67.17195129394531,0.20240327683384093,45.02273941040039,18.128385543823242,0.04308910170978391,9.584741592407227,0.49110271809357875,0.0028629536063383533,0.6368382729227462,tr,RANDOM_4,2222222,2,wiki40b
