surprisal_mean,surprisal_sem,surprisal_std,surprisal_var_mean,surprisal_var_sem,surprisal_var_std,surprisal_var_doc_initial_mean,surprisal_var_doc_initial_sem,surprisal_var_doc_initial_std,surp_diff_squared_mean,surp_diff_squared_sem,surp_diff_squared_std,delta_surp_mean,delta_surp_sem,delta_surp_std,uidp_1_1_mean,uidp_1_1_sem,uidp_1_1_std,uidp_1_25_mean,uidp_1_25_sem,uidp_1_25_std,max_surp_mean,max_surp_sem,max_surp_std,surprisal_var_norm_mean,surprisal_var_norm_sem,surprisal_var_norm_std,language,variant,num_toks,model_seed,dataset
6.261929035186768,0.0064528693561669076,4.529811859130859,21.847309112548828,0.2734142451732611,38.286746978759766,35.39506530761719,1.0608156257147878,48.042179107666016,23.77757273613325,0.298175888061739,41.754207453639566,4.003913879394531,0.016722548585257718,2.341697931289673,117.9325180053711,0.5132512067607207,71.87149810791016,84.10709381103516,0.32777011636557185,45.898284912109375,17.15946388244629,0.06852163758024263,9.595235824584961,0.5571616578290748,0.006972761950392681,0.976410771823564,vi,RANDOM_3,2222222,2,wiki40b
