surprisal_mean,surprisal_sem,surprisal_std,surprisal_var_mean,surprisal_var_sem,surprisal_var_std,surprisal_var_doc_initial_mean,surprisal_var_doc_initial_sem,surprisal_var_doc_initial_std,surp_diff_squared_mean,surp_diff_squared_sem,surp_diff_squared_std,delta_surp_mean,delta_surp_sem,delta_surp_std,uidp_1_1_mean,uidp_1_1_sem,uidp_1_1_std,uidp_1_25_mean,uidp_1_25_sem,uidp_1_25_std,max_surp_mean,max_surp_sem,max_surp_std,surprisal_var_norm_mean,surprisal_var_norm_sem,surprisal_var_norm_std,language,variant,num_toks,model_seed,dataset
6.191239833831787,0.007484146425405963,5.962283611297607,34.21830749511719,0.16459949657457099,30.993175506591797,53.293792724609375,0.8960088872510715,45.82801818847656,35.624215539879536,0.17510741876113695,32.97184814913234,6.014331817626953,0.011948604043810897,2.2498552799224854,87.34741973876953,0.2831834222118898,53.32190704345703,66.25444793701172,0.1942336746600092,36.5732421875,19.117895126342773,0.04441974432708433,8.364021301269531,0.8926994211684653,0.004294110945771529,0.8085595404306758,de,RANDOM_2,6666666,1,wiki40b
