surprisal_mean,surprisal_sem,surprisal_std,surprisal_var_mean,surprisal_var_sem,surprisal_var_std,surprisal_var_doc_initial_mean,surprisal_var_doc_initial_sem,surprisal_var_doc_initial_std,surp_diff_squared_mean,surp_diff_squared_sem,surp_diff_squared_std,delta_surp_mean,delta_surp_sem,delta_surp_std,uidp_1_1_mean,uidp_1_1_sem,uidp_1_1_std,uidp_1_25_mean,uidp_1_25_sem,uidp_1_25_std,max_surp_mean,max_surp_sem,max_surp_std,surprisal_var_norm_mean,surprisal_var_norm_sem,surprisal_var_norm_std,language,variant,num_toks,model_seed,dataset
6.3132171630859375,0.0074927184464677315,5.969136714935303,34.176029205322266,0.16383592709488212,30.850784301757812,53.3563232421875,0.9154986839124003,46.824867248535156,35.58696102673311,0.17168795526873187,32.329348010397034,5.820077419281006,0.011681513262377128,2.199662923812866,88.927490234375,0.2888380139019435,54.38896560668945,67.32953643798828,0.19769330556339482,37.226261138916016,19.246362686157227,0.0444712400251628,8.374053955078125,0.8574691802145539,0.004110623525640938,0.7740425255351308,de,RANDOM_1,6666666,1,wiki40b
