surprisal_mean,surprisal_sem,surprisal_std,surprisal_var_mean,surprisal_var_sem,surprisal_var_std,surprisal_var_doc_initial_mean,surprisal_var_doc_initial_sem,surprisal_var_doc_initial_std,surp_diff_squared_mean,surp_diff_squared_sem,surp_diff_squared_std,delta_surp_mean,delta_surp_sem,delta_surp_std,uidp_1_1_mean,uidp_1_1_sem,uidp_1_1_std,uidp_1_25_mean,uidp_1_25_sem,uidp_1_25_std,max_surp_mean,max_surp_sem,max_surp_std,surprisal_var_norm_mean,surprisal_var_norm_sem,surprisal_var_norm_std,language,variant,num_toks,model_seed,dataset
6.344439506530762,0.007111595366070133,5.665398597717285,31.048463821411133,0.16667267685275097,31.384920120239258,50.30521774291992,0.9006496878724906,46.065391540527344,32.602681723931916,0.17583074762891104,33.109448022290344,5.168248653411865,0.011788683213363451,2.2198357582092285,88.86383819580078,0.28863377261923584,54.350460052490234,66.82139587402344,0.19671107556603687,37.04121398925781,18.852558135986328,0.04490192030784915,8.4551362991333,0.7713522844126652,0.004140739195731779,0.7797133949761985,de,RANDOM_3,6666666,1,wiki40b
