surprisal_mean,surprisal_sem,surprisal_std,surprisal_var_mean,surprisal_var_sem,surprisal_var_std,surprisal_var_doc_initial_mean,surprisal_var_doc_initial_sem,surprisal_var_doc_initial_std,surp_diff_squared_mean,surp_diff_squared_sem,surp_diff_squared_std,delta_surp_mean,delta_surp_sem,delta_surp_std,uidp_1_1_mean,uidp_1_1_sem,uidp_1_1_std,uidp_1_25_mean,uidp_1_25_sem,uidp_1_25_std,max_surp_mean,max_surp_sem,max_surp_std,surprisal_var_norm_mean,surprisal_var_norm_sem,surprisal_var_norm_std,language,variant,num_toks,model_seed,dataset
6.237936973571777,0.006931119194427017,5.149690628051758,26.608938217163086,0.21868112970509362,35.513275146484375,39.366661071777344,1.1256156838834448,51.85167694091797,27.803844255256735,0.23134642900596106,37.57011873881706,5.175381660461426,0.013421395735165237,2.1795995235443115,100.59130096435547,0.3504551365136232,56.91305923461914,74.17425537109375,0.23278367717467985,37.803592681884766,17.961593627929688,0.05009535607277388,8.13534927368164,0.683823627742432,0.005619910252815085,0.9126602749261298,en,RANDOM_1,6666666,1,wiki40b
