surprisal_mean,surprisal_sem,surprisal_std,surprisal_var_mean,surprisal_var_sem,surprisal_var_std,surprisal_var_doc_initial_mean,surprisal_var_doc_initial_sem,surprisal_var_doc_initial_std,surp_diff_squared_mean,surp_diff_squared_sem,surp_diff_squared_std,delta_surp_mean,delta_surp_sem,delta_surp_std,uidp_1_1_mean,uidp_1_1_sem,uidp_1_1_std,uidp_1_25_mean,uidp_1_25_sem,uidp_1_25_std,max_surp_mean,max_surp_sem,max_surp_std,surprisal_var_norm_mean,surprisal_var_norm_sem,surprisal_var_norm_std,language,variant,num_toks,model_seed,dataset
6.245831489562988,0.006987876416551612,5.191925048828125,27.259489059448242,0.2268293705524996,36.836463928222656,39.5361442565918,1.134572882446572,52.26427459716797,28.488209539913825,0.24241831044479878,39.36816637718606,5.1365838050842285,0.013561540885561297,2.2023613452911377,100.74153900146484,0.35056297638715783,56.930397033691406,74.31326293945312,0.23291230517456565,37.824371337890625,18.14423942565918,0.051019611438461905,8.285455703735352,0.6987758903950573,0.00581458528110853,0.9442750439973172,en,RANDOM_4,6666666,1,wiki40b
