surprisal_mean,surprisal_sem,surprisal_std,surprisal_var_mean,surprisal_var_sem,surprisal_var_std,surprisal_var_doc_initial_mean,surprisal_var_doc_initial_sem,surprisal_var_doc_initial_std,surp_diff_squared_mean,surp_diff_squared_sem,surp_diff_squared_std,delta_surp_mean,delta_surp_sem,delta_surp_std,uidp_1_1_mean,uidp_1_1_sem,uidp_1_1_std,uidp_1_25_mean,uidp_1_25_sem,uidp_1_25_std,max_surp_mean,max_surp_sem,max_surp_std,surprisal_var_norm_mean,surprisal_var_norm_sem,surprisal_var_norm_std,language,variant,num_toks,model_seed,dataset
5.823381423950195,0.0066938824980051085,5.030065536499023,24.529674530029297,0.16587176300593567,26.134681701660156,32.16382598876953,0.5841192909566899,30.317996978759766,26.135237572411246,0.18293975914326296,28.823899279533283,4.603658199310303,0.012259656881058028,1.931622862815857,101.17379760742188,0.3871777151995785,61.00355911254883,73.91484069824219,0.25602019503279416,40.33844757080078,17.915945053100586,0.05209785677793012,8.208518028259277,0.7233365225890438,0.0048912740461718755,0.770666754541016,fr,RANDOM_5,6666666,1,wiki40b
