surprisal_mean,surprisal_sem,surprisal_std,surprisal_var_mean,surprisal_var_sem,surprisal_var_std,surprisal_var_doc_initial_mean,surprisal_var_doc_initial_sem,surprisal_var_doc_initial_std,surp_diff_squared_mean,surp_diff_squared_sem,surp_diff_squared_std,delta_surp_mean,delta_surp_sem,delta_surp_std,uidp_1_1_mean,uidp_1_1_sem,uidp_1_1_std,uidp_1_25_mean,uidp_1_25_sem,uidp_1_25_std,max_surp_mean,max_surp_sem,max_surp_std,surprisal_var_norm_mean,surprisal_var_norm_sem,surprisal_var_norm_std,language,variant,num_toks,model_seed,dataset
5.846491813659668,0.007837239276556818,5.423067569732666,26.826906204223633,0.22688393624390263,34.56235885620117,38.60569763183594,1.3338546925344146,67.2109146118164,29.425672962768765,0.25217167081896985,38.414611016976565,4.598261833190918,0.013651220223149753,2.0795578956604004,92.86962127685547,0.46614881292480664,71.01082611083984,68.5460205078125,0.30328240793176486,46.20048522949219,17.69097328186035,0.060031471065338064,9.144892692565918,0.7848372274516022,0.006637629535694777,1.01114433615962,hi,RANDOM_3,6666666,1,wiki40b
