surprisal_mean,surprisal_sem,surprisal_std,surprisal_var_mean,surprisal_var_sem,surprisal_var_std,surprisal_var_doc_initial_mean,surprisal_var_doc_initial_sem,surprisal_var_doc_initial_std,surp_diff_squared_mean,surp_diff_squared_sem,surp_diff_squared_std,delta_surp_mean,delta_surp_sem,delta_surp_std,uidp_1_1_mean,uidp_1_1_sem,uidp_1_1_std,uidp_1_25_mean,uidp_1_25_sem,uidp_1_25_std,max_surp_mean,max_surp_sem,max_surp_std,surprisal_var_norm_mean,surprisal_var_norm_sem,surprisal_var_norm_std,language,variant,num_toks,model_seed,dataset
7.151634216308594,0.0076721676567776155,6.015210151672363,33.17155838012695,0.19663756191112478,40.232791900634766,34.558963775634766,0.8352488671911765,52.394710540771484,36.88446914067524,0.19893094269118428,40.70216537342485,5.620007514953613,0.013488909068044928,2.759885311126709,83.02994537353516,0.2801992321421227,57.329872131347656,63.17997741699219,0.19466101541610514,39.828399658203125,18.217485427856445,0.044596968744763515,9.12470531463623,0.6485692643622973,0.003844641941214273,0.786631028717502,hu,RANDOM_3,6666666,1,wiki40b
