surprisal_mean,surprisal_sem,surprisal_std,surprisal_var_mean,surprisal_var_sem,surprisal_var_std,surprisal_var_doc_initial_mean,surprisal_var_doc_initial_sem,surprisal_var_doc_initial_std,surp_diff_squared_mean,surp_diff_squared_sem,surp_diff_squared_std,delta_surp_mean,delta_surp_sem,delta_surp_std,uidp_1_1_mean,uidp_1_1_sem,uidp_1_1_std,uidp_1_25_mean,uidp_1_25_sem,uidp_1_25_std,max_surp_mean,max_surp_sem,max_surp_std,surprisal_var_norm_mean,surprisal_var_norm_sem,surprisal_var_norm_std,language,variant,num_toks,model_seed,dataset
6.109647274017334,0.006865120923720986,5.629220008850098,30.124027252197266,0.2658659563536064,56.73069381713867,38.1767578125,0.6848658292434812,39.96356964111328,33.03564713044794,0.28697311885229837,61.234980135653245,5.469399452209473,0.013373260275423484,2.853614330291748,71.63539123535156,0.24310830729331095,51.874908447265625,54.816890716552734,0.1697902830400017,36.23019790649414,16.468734741210938,0.03897613837328142,8.31676197052002,0.8070137907958359,0.0071224667424299995,1.5198082358160678,ru,REAL_REAL,6666666,1,wiki40b
