surprisal_mean,surprisal_sem,surprisal_std,surprisal_var_mean,surprisal_var_sem,surprisal_var_std,surprisal_var_doc_initial_mean,surprisal_var_doc_initial_sem,surprisal_var_doc_initial_std,surp_diff_squared_mean,surp_diff_squared_sem,surp_diff_squared_std,delta_surp_mean,delta_surp_sem,delta_surp_std,uidp_1_1_mean,uidp_1_1_sem,uidp_1_1_std,uidp_1_25_mean,uidp_1_25_sem,uidp_1_25_std,max_surp_mean,max_surp_sem,max_surp_std,surprisal_var_norm_mean,surprisal_var_norm_sem,surprisal_var_norm_std,language,variant,num_toks,model_seed,dataset
6.65685510635376,0.006930863239292653,5.682967662811279,31.05579948425293,0.3026910377532618,64.58850860595703,38.673072814941406,0.7038175603808562,41.06941604614258,33.928248227374525,0.3244993784065616,69.24241918625421,5.411015033721924,0.013700278151056842,2.9233803749084473,77.68275451660156,0.260476441293896,55.58091354370117,59.08712387084961,0.18060179584084143,38.53705596923828,17.073131561279297,0.03971635736438641,8.474752426147461,0.7008170617228969,0.00683063914754557,1.4575373964871055,ru,RANDOM_5,6666666,1,wiki40b
