surprisal_mean,surprisal_sem,surprisal_std,surprisal_var_mean,surprisal_var_sem,surprisal_var_std,surprisal_var_doc_initial_mean,surprisal_var_doc_initial_sem,surprisal_var_doc_initial_std,surp_diff_squared_mean,surp_diff_squared_sem,surp_diff_squared_std,delta_surp_mean,delta_surp_sem,delta_surp_std,uidp_1_1_mean,uidp_1_1_sem,uidp_1_1_std,uidp_1_25_mean,uidp_1_25_sem,uidp_1_25_std,max_surp_mean,max_surp_sem,max_surp_std,surprisal_var_norm_mean,surprisal_var_norm_sem,surprisal_var_norm_std,language,variant,num_toks,model_seed,dataset
6.700647830963135,0.007177487338285006,5.884877681732178,33.48637008666992,0.324113839892149,69.15960693359375,40.9995002746582,0.69530894935746,40.572967529296875,36.02653984658358,0.33565279724086894,71.62236119439325,5.802258014678955,0.013546006643366474,2.8904707431793213,78.47727966308594,0.2620319630746531,55.91292953491211,59.93583297729492,0.18203889974503282,38.84381866455078,17.340253829956055,0.03885840876486907,8.29167652130127,0.7458204068506435,0.0072187829847180866,1.5403604157792699,ru,RANDOM_4,6666666,1,wiki40b
