surprisal_mean,surprisal_sem,surprisal_std,surprisal_var_mean,surprisal_var_sem,surprisal_var_std,surprisal_var_doc_initial_mean,surprisal_var_doc_initial_sem,surprisal_var_doc_initial_std,surp_diff_squared_mean,surp_diff_squared_sem,surp_diff_squared_std,delta_surp_mean,delta_surp_sem,delta_surp_std,uidp_1_1_mean,uidp_1_1_sem,uidp_1_1_std,uidp_1_25_mean,uidp_1_25_sem,uidp_1_25_std,max_surp_mean,max_surp_sem,max_surp_std,surprisal_var_norm_mean,surprisal_var_norm_sem,surprisal_var_norm_std,language,variant,num_toks,model_seed,dataset
7.011321544647217,0.006617773510904119,5.534779071807861,25.602617263793945,0.15329204821125408,34.098548889160156,36.467262268066406,0.6693712139507204,44.55720138549805,31.770658713951818,0.16408622444001775,36.499504410916074,4.895969390869141,0.011985931945783374,2.666147232055664,78.14314270019531,0.2672359080382332,59.444026947021484,59.2009391784668,0.18433478247123597,41.00349044799805,16.030241012573242,0.039411567099268636,8.766715049743652,0.5208211036348831,0.003118314208015421,0.6936409413922935,tr,RANDOM_4,6666666,1,wiki40b
