surprisal_mean,surprisal_sem,surprisal_std,surprisal_var_mean,surprisal_var_sem,surprisal_var_std,surprisal_var_doc_initial_mean,surprisal_var_doc_initial_sem,surprisal_var_doc_initial_std,surp_diff_squared_mean,surp_diff_squared_sem,surp_diff_squared_std,delta_surp_mean,delta_surp_sem,delta_surp_std,uidp_1_1_mean,uidp_1_1_sem,uidp_1_1_std,uidp_1_25_mean,uidp_1_25_sem,uidp_1_25_std,max_surp_mean,max_surp_sem,max_surp_std,surprisal_var_norm_mean,surprisal_var_norm_sem,surprisal_var_norm_std,language,variant,num_toks,model_seed,dataset
7.456937313079834,0.00853708430627986,6.801974296569824,45.504539489746094,0.20751992049365117,39.07655715942383,65.56913757324219,1.0541951270042902,53.91874694824219,46.77367275881373,0.21677530972208547,40.81942974448861,6.723195552825928,0.013550780856037347,2.551649332046509,104.86405181884766,0.3241110830627254,61.031036376953125,79.2143783569336,0.22083820647007785,41.584388732910156,22.725736618041992,0.04873399180369784,9.176741600036621,0.8183375303841149,0.003731975676630866,0.7027420195393894,de,RANDOM_1,2222222,1,wiki40b
