surprisal_mean,surprisal_sem,surprisal_std,surprisal_var_mean,surprisal_var_sem,surprisal_var_std,surprisal_var_doc_initial_mean,surprisal_var_doc_initial_sem,surprisal_var_doc_initial_std,surp_diff_squared_mean,surp_diff_squared_sem,surp_diff_squared_std,delta_surp_mean,delta_surp_sem,delta_surp_std,uidp_1_1_mean,uidp_1_1_sem,uidp_1_1_std,uidp_1_25_mean,uidp_1_25_sem,uidp_1_25_std,max_surp_mean,max_surp_sem,max_surp_std,surprisal_var_norm_mean,surprisal_var_norm_sem,surprisal_var_norm_std,language,variant,num_toks,model_seed,dataset
7.03184700012207,0.0074054994568723605,5.503504276275635,30.88057518005371,0.26612040918891755,43.217254638671875,44.33717346191406,1.1800174806284118,54.357696533203125,32.12175102190503,0.28161457283712504,45.733547673646676,5.057329177856445,0.014404111833863826,2.3391942977905273,113.05477905273438,0.38304763011508103,62.20615005493164,83.0125961303711,0.2532024325802229,41.119346618652344,20.03135871887207,0.054121916317008495,8.78924560546875,0.6245212882475872,0.0053819465347326465,0.8740155239252083,en,RANDOM_3,2222222,1,wiki40b
