surprisal_mean,surprisal_sem,surprisal_std,surprisal_var_mean,surprisal_var_sem,surprisal_var_std,surprisal_var_doc_initial_mean,surprisal_var_doc_initial_sem,surprisal_var_doc_initial_std,surp_diff_squared_mean,surp_diff_squared_sem,surp_diff_squared_std,delta_surp_mean,delta_surp_sem,delta_surp_std,uidp_1_1_mean,uidp_1_1_sem,uidp_1_1_std,uidp_1_25_mean,uidp_1_25_sem,uidp_1_25_std,max_surp_mean,max_surp_sem,max_surp_std,surprisal_var_norm_mean,surprisal_var_norm_sem,surprisal_var_norm_std,language,variant,num_toks,model_seed,dataset
6.9801225662231445,0.007578043184822976,5.631710052490234,31.94234848022461,0.2714253041396508,44.07880783081055,46.03992462158203,1.2988953766671671,59.833831787109375,33.25939053147139,0.28574686802623267,46.4046227431247,5.636257648468018,0.014826219437305815,2.4077377319335938,112.45460510253906,0.3827112382987251,62.151397705078125,82.7784194946289,0.25370148854910063,41.20042419433594,20.143936157226562,0.05479415382097719,8.898425102233887,0.6556037814256411,0.005570885939741467,0.9046988411958626,en,RANDOM_1,2222222,1,wiki40b
