surprisal_mean,surprisal_sem,surprisal_std,surprisal_var_mean,surprisal_var_sem,surprisal_var_std,surprisal_var_doc_initial_mean,surprisal_var_doc_initial_sem,surprisal_var_doc_initial_std,surp_diff_squared_mean,surp_diff_squared_sem,surp_diff_squared_std,delta_surp_mean,delta_surp_sem,delta_surp_std,uidp_1_1_mean,uidp_1_1_sem,uidp_1_1_std,uidp_1_25_mean,uidp_1_25_sem,uidp_1_25_std,max_surp_mean,max_surp_sem,max_surp_std,surprisal_var_norm_mean,surprisal_var_norm_sem,surprisal_var_norm_std,language,variant,num_toks,model_seed,dataset
6.774483680725098,0.006954633506265863,5.413792133331299,28.784564971923828,0.28220301187789215,45.90981674194336,36.56239318847656,0.7461170884940505,50.812782287597656,30.994093836771476,0.28819259031905264,46.8851348250335,4.910547256469727,0.013440552486191836,2.1865618228912354,117.84247589111328,0.4721244567532469,76.8084945678711,85.54293060302734,0.3016515715346679,49.074710845947266,19.754558563232422,0.05429194970588699,8.832572937011719,0.6271991473736115,0.006149067332743151,1.0003532851802925,fa,RANDOM_5,2222222,1,wiki40b
