surprisal_mean,surprisal_sem,surprisal_std,surprisal_var_mean,surprisal_var_sem,surprisal_var_std,surprisal_var_doc_initial_mean,surprisal_var_doc_initial_sem,surprisal_var_doc_initial_std,surp_diff_squared_mean,surp_diff_squared_sem,surp_diff_squared_std,delta_surp_mean,delta_surp_sem,delta_surp_std,uidp_1_1_mean,uidp_1_1_sem,uidp_1_1_std,uidp_1_25_mean,uidp_1_25_sem,uidp_1_25_std,max_surp_mean,max_surp_sem,max_surp_std,surprisal_var_norm_mean,surprisal_var_norm_sem,surprisal_var_norm_std,language,variant,num_toks,model_seed,dataset
6.679960250854492,0.007127323532261669,5.547874927520752,30.2156925201416,0.2747389343997798,44.693695068359375,38.17518997192383,0.6382416178847826,43.47080993652344,32.42484785150226,0.2873276963603718,46.74177869587498,5.405731678009033,0.013986436931686485,2.275275945663452,116.56343078613281,0.4671683051322746,75.9979019165039,84.92308044433594,0.29939730534687364,48.70524978637695,19.842845916748047,0.05429476301100288,8.832558631896973,0.6771498941023761,0.006157046550089373,1.0016135266804331,fa,RANDOM_2,2222222,1,wiki40b
