surprisal_mean,surprisal_sem,surprisal_std,surprisal_var_mean,surprisal_var_sem,surprisal_var_std,surprisal_var_doc_initial_mean,surprisal_var_doc_initial_sem,surprisal_var_doc_initial_std,surp_diff_squared_mean,surp_diff_squared_sem,surp_diff_squared_std,delta_surp_mean,delta_surp_sem,delta_surp_std,uidp_1_1_mean,uidp_1_1_sem,uidp_1_1_std,uidp_1_25_mean,uidp_1_25_sem,uidp_1_25_std,max_surp_mean,max_surp_sem,max_surp_std,surprisal_var_norm_mean,surprisal_var_norm_sem,surprisal_var_norm_std,language,variant,num_toks,model_seed,dataset
6.507882118225098,0.00766654665647118,5.761612415313721,32.49127960205078,0.1898011597263304,29.90496063232422,41.32651901245117,0.6632456872120189,34.424957275390625,33.96587715403543,0.2112975418445741,33.29193769940125,6.042722225189209,0.013521329061860895,2.130411386489868,113.59075927734375,0.4168267723681378,65.67499542236328,83.40362548828125,0.2759661022390668,43.48112869262695,20.289459228515625,0.05543445550501238,8.734210968017578,0.7671609099188575,0.004481459858410704,0.7060966308747808,fr,RANDOM_2,2222222,1,wiki40b
