surprisal_mean,surprisal_sem,surprisal_std,surprisal_var_mean,surprisal_var_sem,surprisal_var_std,surprisal_var_doc_initial_mean,surprisal_var_doc_initial_sem,surprisal_var_doc_initial_std,surp_diff_squared_mean,surp_diff_squared_sem,surp_diff_squared_std,delta_surp_mean,delta_surp_sem,delta_surp_std,uidp_1_1_mean,uidp_1_1_sem,uidp_1_1_std,uidp_1_25_mean,uidp_1_25_sem,uidp_1_25_std,max_surp_mean,max_surp_sem,max_surp_std,surprisal_var_norm_mean,surprisal_var_norm_sem,surprisal_var_norm_std,language,variant,num_toks,model_seed,dataset
6.672934055328369,0.007349013629956541,5.523011207580566,30.049524307250977,0.19406172818586742,30.576223373413086,37.76055908203125,0.6527058766964732,33.877906799316406,31.5347166119854,0.21259207157240834,33.495903172320816,5.0225701332092285,0.01347156404178135,2.122570514678955,115.76898956298828,0.4266402261161128,67.22118377685547,84.38401794433594,0.28083842575935297,44.24873352050781,20.274669647216797,0.05608580710691462,8.836835861206055,0.6748436187780298,0.0043581905795884645,0.6866743833891958,fr,RANDOM_5,2222222,1,wiki40b
