surprisal_mean,surprisal_sem,surprisal_std,surprisal_var_mean,surprisal_var_sem,surprisal_var_std,surprisal_var_doc_initial_mean,surprisal_var_doc_initial_sem,surprisal_var_doc_initial_std,surp_diff_squared_mean,surp_diff_squared_sem,surp_diff_squared_std,delta_surp_mean,delta_surp_sem,delta_surp_std,uidp_1_1_mean,uidp_1_1_sem,uidp_1_1_std,uidp_1_25_mean,uidp_1_25_sem,uidp_1_25_std,max_surp_mean,max_surp_sem,max_surp_std,surprisal_var_norm_mean,surprisal_var_norm_sem,surprisal_var_norm_std,language,variant,num_toks,model_seed,dataset
6.541926860809326,0.008604322424484242,5.956178665161133,32.48038101196289,0.25161975005428916,38.331974029541016,45.55230712890625,1.420908806585631,71.58338165283203,35.365299007589186,0.2831414764481635,43.135189135540884,5.370302677154541,0.015259743386583325,2.3246917724609375,103.97611236572266,0.510545849009648,77.77910614013672,76.73445129394531,0.3310195678064625,50.42923355102539,19.694393157958984,0.06355014140075824,9.681548118591309,0.7589449611112883,0.005879404318580139,0.8956785731724245,hi,RANDOM_2,2222222,1,wiki40b
