surprisal_mean,surprisal_sem,surprisal_std,surprisal_var_mean,surprisal_var_sem,surprisal_var_std,surprisal_var_doc_initial_mean,surprisal_var_doc_initial_sem,surprisal_var_doc_initial_std,surp_diff_squared_mean,surp_diff_squared_sem,surp_diff_squared_std,delta_surp_mean,delta_surp_sem,delta_surp_std,uidp_1_1_mean,uidp_1_1_sem,uidp_1_1_std,uidp_1_25_mean,uidp_1_25_sem,uidp_1_25_std,max_surp_mean,max_surp_sem,max_surp_std,surprisal_var_norm_mean,surprisal_var_norm_sem,surprisal_var_norm_std,language,variant,num_toks,model_seed,dataset
6.617745876312256,0.008589413746815959,5.945436477661133,32.48451614379883,0.2565029075189414,39.074459075927734,45.482696533203125,1.415211274959258,71.31028747558594,35.46438576146576,0.2895002700166709,44.10106902921572,5.034881591796875,0.015003067731708609,2.285489559173584,105.03822326660156,0.5138160395979393,78.27230834960938,77.39039611816406,0.3336176000890738,50.82158660888672,19.78346824645996,0.06423387242673571,9.785090446472168,0.7417468678300217,0.005856958605656034,0.8922207076160013,hi,RANDOM_3,2222222,1,wiki40b
