surprisal_mean,surprisal_sem,surprisal_std,surprisal_var_mean,surprisal_var_sem,surprisal_var_std,surprisal_var_doc_initial_mean,surprisal_var_doc_initial_sem,surprisal_var_doc_initial_std,surp_diff_squared_mean,surp_diff_squared_sem,surp_diff_squared_std,delta_surp_mean,delta_surp_sem,delta_surp_std,uidp_1_1_mean,uidp_1_1_sem,uidp_1_1_std,uidp_1_25_mean,uidp_1_25_sem,uidp_1_25_std,max_surp_mean,max_surp_sem,max_surp_std,surprisal_var_norm_mean,surprisal_var_norm_sem,surprisal_var_norm_std,language,variant,num_toks,model_seed,dataset
6.643892288208008,0.008611336215023501,5.9610724449157715,32.526004791259766,0.24768729993928412,37.719261169433594,45.609867095947266,1.3741082839352101,69.2256088256836,35.43946191366471,0.2800995794499276,42.65614047321856,5.402984619140625,0.015140492326519215,2.305683135986328,105.58016204833984,0.5146990530179519,78.38294982910156,77.82423400878906,0.3340342374614711,50.869815826416016,19.818809509277344,0.06333071397717879,9.644593238830566,0.7368635429261331,0.005611236541836013,0.8545122927611732,hi,RANDOM_1,2222222,1,wiki40b
