surprisal_mean,surprisal_sem,surprisal_std,surprisal_var_mean,surprisal_var_sem,surprisal_var_std,surprisal_var_doc_initial_mean,surprisal_var_doc_initial_sem,surprisal_var_doc_initial_std,surp_diff_squared_mean,surp_diff_squared_sem,surp_diff_squared_std,delta_surp_mean,delta_surp_sem,delta_surp_std,uidp_1_1_mean,uidp_1_1_sem,uidp_1_1_std,uidp_1_25_mean,uidp_1_25_sem,uidp_1_25_std,max_surp_mean,max_surp_sem,max_surp_std,surprisal_var_norm_mean,surprisal_var_norm_sem,surprisal_var_norm_std,language,variant,num_toks,model_seed,dataset
8.277230262756348,0.00865561660263192,6.786387920379639,43.274356842041016,0.22247487333564403,45.51984786987305,41.37627410888672,0.7743754931321432,48.5700569152832,46.95706881364641,0.2234996726284839,45.73013032932287,6.693705081939697,0.015186534332443654,3.107260227203369,96.17010498046875,0.311588591403655,63.75385284423828,73.22113037109375,0.21584360282343032,44.16352462768555,21.02260971069336,0.047627746014255075,9.745061874389648,0.6316281489429832,0.003247213910992424,0.6644025026775606,hu,RANDOM_4,2222222,1,wiki40b
