surprisal_mean,surprisal_sem,surprisal_std,surprisal_var_mean,surprisal_var_sem,surprisal_var_std,surprisal_var_doc_initial_mean,surprisal_var_doc_initial_sem,surprisal_var_doc_initial_std,surp_diff_squared_mean,surp_diff_squared_sem,surp_diff_squared_std,delta_surp_mean,delta_surp_sem,delta_surp_std,uidp_1_1_mean,uidp_1_1_sem,uidp_1_1_std,uidp_1_25_mean,uidp_1_25_sem,uidp_1_25_std,max_surp_mean,max_surp_sem,max_surp_std,surprisal_var_norm_mean,surprisal_var_norm_sem,surprisal_var_norm_std,language,variant,num_toks,model_seed,dataset
7.204838752746582,0.006847462019855067,5.515697479248047,30.685941696166992,0.26432214134122367,49.61779022216797,38.9464111328125,1.0930359191532395,68.4958724975586,32.54900768023924,0.2722017307974739,51.09713004558287,5.198371410369873,0.014741861713791155,2.7673027515411377,102.66303253173828,0.3358889656216733,63.0523681640625,76.096435546875,0.22317933059926387,41.89466094970703,19.306657791137695,0.04776986302703165,8.967249870300293,0.591138611700321,0.0050919601098140645,0.9558519233357671,id,RANDOM_5,2222222,1,wiki40b
