surprisal_mean,surprisal_sem,surprisal_std,surprisal_var_mean,surprisal_var_sem,surprisal_var_std,surprisal_var_doc_initial_mean,surprisal_var_doc_initial_sem,surprisal_var_doc_initial_std,surp_diff_squared_mean,surp_diff_squared_sem,surp_diff_squared_std,delta_surp_mean,delta_surp_sem,delta_surp_std,uidp_1_1_mean,uidp_1_1_sem,uidp_1_1_std,uidp_1_25_mean,uidp_1_25_sem,uidp_1_25_std,max_surp_mean,max_surp_sem,max_surp_std,surprisal_var_norm_mean,surprisal_var_norm_sem,surprisal_var_norm_std,language,variant,num_toks,model_seed,dataset
7.94346809387207,0.008036731770795849,6.590385437011719,42.74306106567383,0.3483163157616292,74.3241195678711,50.218772888183594,0.7654250993106159,44.6644172668457,45.33287098907472,0.3699356734773007,78.93771969809848,6.7695112228393555,0.014941136246069462,3.188159704208374,92.83692932128906,0.2979309752047046,63.57305145263672,70.69691467285156,0.2058897689121739,43.93308639526367,20.12088394165039,0.04184235958952107,8.92841911315918,0.6774010759576189,0.005520183406617654,1.1779093547203299,ru,RANDOM_1,2222222,1,wiki40b
