surprisal_mean,surprisal_sem,surprisal_std,surprisal_var_mean,surprisal_var_sem,surprisal_var_std,surprisal_var_doc_initial_mean,surprisal_var_doc_initial_sem,surprisal_var_doc_initial_std,surp_diff_squared_mean,surp_diff_squared_sem,surp_diff_squared_std,delta_surp_mean,delta_surp_sem,delta_surp_std,uidp_1_1_mean,uidp_1_1_sem,uidp_1_1_std,uidp_1_25_mean,uidp_1_25_sem,uidp_1_25_std,max_surp_mean,max_surp_sem,max_surp_std,surprisal_var_norm_mean,surprisal_var_norm_sem,surprisal_var_norm_std,language,variant,num_toks,model_seed,dataset
8.006410598754883,0.007300695333668349,6.106606960296631,31.62136459350586,0.1869284069538303,41.58107376098633,44.43098831176758,0.784645397091477,52.23050308227539,38.87480616954124,0.20648104064190553,45.930313989490394,5.510928630828857,0.013506455898068696,3.0044074058532715,89.18132019042969,0.29522677546931864,65.67112731933594,67.48151397705078,0.203500665205348,45.26720428466797,18.206687927246094,0.04360153867977999,9.698819160461426,0.4932982165546783,0.0029160810680891797,0.6486625535195121,tr,RANDOM_1,2222222,1,wiki40b
