surprisal_mean,surprisal_sem,surprisal_std,surprisal_var_mean,surprisal_var_sem,surprisal_var_std,surprisal_var_doc_initial_mean,surprisal_var_doc_initial_sem,surprisal_var_doc_initial_std,surp_diff_squared_mean,surp_diff_squared_sem,surp_diff_squared_std,delta_surp_mean,delta_surp_sem,delta_surp_std,uidp_1_1_mean,uidp_1_1_sem,uidp_1_1_std,uidp_1_25_mean,uidp_1_25_sem,uidp_1_25_std,max_surp_mean,max_surp_sem,max_surp_std,surprisal_var_norm_mean,surprisal_var_norm_sem,surprisal_var_norm_std,language,variant,num_toks,model_seed,dataset
7.96962833404541,0.007260402481580409,6.072902202606201,31.192134857177734,0.18184044868355406,40.44869613647461,43.079246520996094,0.7600302614152763,50.59199142456055,38.421106240115854,0.20202884178585306,44.93949828549208,5.398033618927002,0.013224399968439713,2.941633701324463,88.77226257324219,0.29372749921872704,65.33694458007812,67.17195129394531,0.20240327683384093,45.02273941040039,18.12838363647461,0.04308910170978391,9.584741592407227,0.49110277546971043,0.002862953899505963,0.6368383381352434,tr,RANDOM_4,2222222,1,wiki40b
