surprisal_mean,surprisal_sem,surprisal_std,surprisal_var_mean,surprisal_var_sem,surprisal_var_std,surprisal_var_doc_initial_mean,surprisal_var_doc_initial_sem,surprisal_var_doc_initial_std,surp_diff_squared_mean,surp_diff_squared_sem,surp_diff_squared_std,delta_surp_mean,delta_surp_sem,delta_surp_std,uidp_1_1_mean,uidp_1_1_sem,uidp_1_1_std,uidp_1_25_mean,uidp_1_25_sem,uidp_1_25_std,max_surp_mean,max_surp_sem,max_surp_std,surprisal_var_norm_mean,surprisal_var_norm_sem,surprisal_var_norm_std,language,variant,num_toks,model_seed,dataset
7.752674102783203,0.0074314477504903624,6.216106414794922,33.321380615234375,0.1913774653511764,42.568687438964844,46.23348617553711,0.8088193743992996,53.8397216796875,40.26278215935919,0.21750185886819948,48.37937610019304,5.5798869132995605,0.013534415057555083,3.0104851722717285,86.6039810180664,0.2902900039494725,64.56949615478516,65.75308990478516,0.20054810114655292,44.60819625854492,18.169574737548828,0.043800428215116205,9.742596626281738,0.5543965555878216,0.003184107829676589,0.7082475112492711,tr,RANDOM_2,2222222,1,wiki40b
