surprisal_mean,surprisal_sem,surprisal_std,surprisal_var_mean,surprisal_var_sem,surprisal_var_std,surprisal_var_doc_initial_mean,surprisal_var_doc_initial_sem,surprisal_var_doc_initial_std,surp_diff_squared_mean,surp_diff_squared_sem,surp_diff_squared_std,delta_surp_mean,delta_surp_sem,delta_surp_std,uidp_1_1_mean,uidp_1_1_sem,uidp_1_1_std,uidp_1_25_mean,uidp_1_25_sem,uidp_1_25_std,max_surp_mean,max_surp_sem,max_surp_std,surprisal_var_norm_mean,surprisal_var_norm_sem,surprisal_var_norm_std,language,variant,num_toks,model_seed,dataset
6.218885898590088,0.006457941468035785,4.533365726470947,21.99626922607422,0.27937485139998136,39.12141036987305,35.21760559082031,1.0559897173217971,47.8236198425293,23.75009518414952,0.2961795829192244,41.474660574100845,4.08311128616333,0.017356902066517656,2.4305245876312256,117.15479278564453,0.51032569869617,71.4618911743164,83.59104919433594,0.32615012792030706,45.67129898071289,17.086334228515625,0.06799720960005103,9.521799087524414,0.5687526048833778,0.0072237406671345535,1.0115558584145967,vi,RANDOM_1,2222222,1,wiki40b
