surprisal_mean,surprisal_sem,surprisal_std,surprisal_var_mean,surprisal_var_sem,surprisal_var_std,surprisal_var_doc_initial_mean,surprisal_var_doc_initial_sem,surprisal_var_doc_initial_std,surp_diff_squared_mean,surp_diff_squared_sem,surp_diff_squared_std,delta_surp_mean,delta_surp_sem,delta_surp_std,uidp_1_1_mean,uidp_1_1_sem,uidp_1_1_std,uidp_1_25_mean,uidp_1_25_sem,uidp_1_25_std,max_surp_mean,max_surp_sem,max_surp_std,surprisal_var_norm_mean,surprisal_var_norm_sem,surprisal_var_norm_std,language,variant,num_toks,model_seed,dataset
5.4772047996521,0.006286473369134895,5.007997989654541,23.76146697998047,0.13719949694811673,25.83502960205078,41.32140350341797,0.826185325726638,42.25675964355469,25.316865715496387,0.1475965448255947,27.79286441690095,4.515965938568115,0.01047386349629779,1.972253441810608,76.77320098876953,0.2576322472144434,48.51289367675781,57.7844123840332,0.17604142018295196,33.14917755126953,16.325170516967773,0.04125369027605242,7.768185615539551,0.7920546035201389,0.004573351451149104,0.8611755577531854,de,RANDOM_3,20000000,2,wiki40b
