surprisal_mean,surprisal_sem,surprisal_std,surprisal_var_mean,surprisal_var_sem,surprisal_var_std,surprisal_var_doc_initial_mean,surprisal_var_doc_initial_sem,surprisal_var_doc_initial_std,surp_diff_squared_mean,surp_diff_squared_sem,surp_diff_squared_std,delta_surp_mean,delta_surp_sem,delta_surp_std,uidp_1_1_mean,uidp_1_1_sem,uidp_1_1_std,uidp_1_25_mean,uidp_1_25_sem,uidp_1_25_std,max_surp_mean,max_surp_sem,max_surp_std,surprisal_var_norm_mean,surprisal_var_norm_sem,surprisal_var_norm_std,language,variant,num_toks,model_seed,dataset
5.426321983337402,0.0067011485782479075,5.338027000427246,27.157859802246094,0.13969518760591346,26.304651260375977,44.35830307006836,0.858597106783967,43.91450881958008,28.494774988614395,0.14911359640401464,28.07813375699935,5.152460098266602,0.010699744341774758,2.014756679534912,76.64659881591797,0.25700993921149173,48.394874572753906,58.22190475463867,0.17649059803491104,33.23317337036133,16.793764114379883,0.04037072151460049,7.60180139541626,0.9223257437700865,0.004744279807961426,0.8933492735809664,de,RANDOM_4,20000000,2,wiki40b
