surprisal_mean,surprisal_sem,surprisal_std,surprisal_var_mean,surprisal_var_sem,surprisal_var_std,surprisal_var_doc_initial_mean,surprisal_var_doc_initial_sem,surprisal_var_doc_initial_std,surp_diff_squared_mean,surp_diff_squared_sem,surp_diff_squared_std,delta_surp_mean,delta_surp_sem,delta_surp_std,uidp_1_1_mean,uidp_1_1_sem,uidp_1_1_std,uidp_1_25_mean,uidp_1_25_sem,uidp_1_25_std,max_surp_mean,max_surp_sem,max_surp_std,surprisal_var_norm_mean,surprisal_var_norm_sem,surprisal_var_norm_std,language,variant,num_toks,model_seed,dataset
5.431267261505127,0.006264960590406577,4.990611553192139,23.53448486328125,0.13971345554673031,26.30765151977539,41.498043060302734,0.8419870150860504,43.0649528503418,25.136318366500856,0.1510733819825892,28.446760800891063,4.531932830810547,0.010412225865039457,1.9605916738510132,76.1114730834961,0.25706783618043944,48.40507888793945,57.27894973754883,0.17581426218571503,33.10539627075195,16.243316650390625,0.04141964972777715,7.799202919006348,0.7978126640283008,0.0047362636880332685,0.8918272594106351,de,RANDOM_5,20000000,2,wiki40b
