surprisal_mean,surprisal_sem,surprisal_std,surprisal_var_mean,surprisal_var_sem,surprisal_var_std,surprisal_var_doc_initial_mean,surprisal_var_doc_initial_sem,surprisal_var_doc_initial_std,surp_diff_squared_mean,surp_diff_squared_sem,surp_diff_squared_std,delta_surp_mean,delta_surp_sem,delta_surp_std,uidp_1_1_mean,uidp_1_1_sem,uidp_1_1_std,uidp_1_25_mean,uidp_1_25_sem,uidp_1_25_std,max_surp_mean,max_surp_sem,max_surp_std,surprisal_var_norm_mean,surprisal_var_norm_sem,surprisal_var_norm_std,language,variant,num_toks,model_seed,dataset
5.455761432647705,0.0067302330842100334,5.361519813537598,27.17703628540039,0.13693531220622124,25.785194396972656,44.11208724975586,0.8225230938616244,42.06945037841797,28.527420484407372,0.145252512293172,27.351476182241484,5.1620049476623535,0.010459206191142158,1.9694968461990356,77.03498077392578,0.2582618459870352,48.631404876708984,58.50197219848633,0.17742230760962985,33.40916061401367,16.850711822509766,0.04041448437967407,7.610162734985352,0.9130445057543352,0.004600496910415137,0.8662871277415356,de,RANDOM_1,20000000,2,wiki40b
