surprisal_mean,surprisal_sem,surprisal_std,surprisal_var_mean,surprisal_var_sem,surprisal_var_std,surprisal_var_doc_initial_mean,surprisal_var_doc_initial_sem,surprisal_var_doc_initial_std,surp_diff_squared_mean,surp_diff_squared_sem,surp_diff_squared_std,delta_surp_mean,delta_surp_sem,delta_surp_std,uidp_1_1_mean,uidp_1_1_sem,uidp_1_1_std,uidp_1_25_mean,uidp_1_25_sem,uidp_1_25_std,max_surp_mean,max_surp_sem,max_surp_std,surprisal_var_norm_mean,surprisal_var_norm_sem,surprisal_var_norm_std,language,variant,num_toks,model_seed,dataset
5.479281902313232,0.006044873338350026,4.490854263305664,20.360584259033203,0.1964966519877504,31.910518646240234,32.33721160888672,0.807632651151267,37.20374298095703,21.440043144328644,0.19761983964985774,32.09299954485071,4.213711738586426,0.011790733850906817,1.9147861003875732,88.21566772460938,0.31576393474821374,51.279422760009766,64.94122314453125,0.20970735360275933,34.05596160888672,15.59538745880127,0.04456606974066564,7.237438678741455,0.6781770199655688,0.006544972950173604,1.0628882924059815,en,RANDOM_3,20000000,2,wiki40b
