surprisal_mean,surprisal_sem,surprisal_std,surprisal_var_mean,surprisal_var_sem,surprisal_var_std,surprisal_var_doc_initial_mean,surprisal_var_doc_initial_sem,surprisal_var_doc_initial_std,surp_diff_squared_mean,surp_diff_squared_sem,surp_diff_squared_std,delta_surp_mean,delta_surp_sem,delta_surp_std,uidp_1_1_mean,uidp_1_1_sem,uidp_1_1_std,uidp_1_25_mean,uidp_1_25_sem,uidp_1_25_std,max_surp_mean,max_surp_sem,max_surp_std,surprisal_var_norm_mean,surprisal_var_norm_sem,surprisal_var_norm_std,language,variant,num_toks,model_seed,dataset
5.318421363830566,0.0059592697124118904,4.637478351593018,21.238292694091797,0.1900651967309943,30.919286727905273,28.75311851501465,0.5186041560190302,35.32219696044922,22.77619509091388,0.1934597478325276,31.471566557253503,4.292905807495117,0.011356677478773516,1.8474717140197754,92.95557403564453,0.3861350699538281,62.81527328491211,67.92098236083984,0.2482287264188987,40.3812141418457,16.078771591186523,0.04631826393813518,7.5349273681640625,0.7508532149621965,0.006719502276752979,1.0931124717350162,fa,RANDOM_3,20000000,2,wiki40b
