surprisal_mean,surprisal_sem,surprisal_std,surprisal_var_mean,surprisal_var_sem,surprisal_var_std,surprisal_var_doc_initial_mean,surprisal_var_doc_initial_sem,surprisal_var_doc_initial_std,surp_diff_squared_mean,surp_diff_squared_sem,surp_diff_squared_std,delta_surp_mean,delta_surp_sem,delta_surp_std,uidp_1_1_mean,uidp_1_1_sem,uidp_1_1_std,uidp_1_25_mean,uidp_1_25_sem,uidp_1_25_std,max_surp_mean,max_surp_sem,max_surp_std,surprisal_var_norm_mean,surprisal_var_norm_sem,surprisal_var_norm_std,language,variant,num_toks,model_seed,dataset
5.0556464195251465,0.006425979603145642,4.828723430633545,22.272300720214844,0.13573378358099283,21.386137008666992,30.250619888305664,0.4928015405403605,25.578243255615234,23.51843481066225,0.14916511738102117,23.50238318638717,4.833597183227539,0.010986256146660033,1.7309867143630981,88.68616485595703,0.34555319197795864,54.44513702392578,65.54227447509766,0.23051941726362646,36.320556640625,15.916983604431152,0.045276723087050184,7.133774280548096,0.8713913924091001,0.005310489714108092,0.8367181708410331,fr,RANDOM_1,20000000,2,wiki40b
