surprisal_mean,surprisal_sem,surprisal_std,surprisal_var_mean,surprisal_var_sem,surprisal_var_std,surprisal_var_doc_initial_mean,surprisal_var_doc_initial_sem,surprisal_var_doc_initial_std,surp_diff_squared_mean,surp_diff_squared_sem,surp_diff_squared_std,delta_surp_mean,delta_surp_sem,delta_surp_std,uidp_1_1_mean,uidp_1_1_sem,uidp_1_1_std,uidp_1_25_mean,uidp_1_25_sem,uidp_1_25_std,max_surp_mean,max_surp_sem,max_surp_std,surprisal_var_norm_mean,surprisal_var_norm_sem,surprisal_var_norm_std,language,variant,num_toks,model_seed,dataset
4.955690860748291,0.006404361213856158,4.812486171722412,22.219812393188477,0.13688635645664687,21.56769561767578,30.36435317993164,0.50824425069702,26.37977409362793,23.509166370244348,0.15125660338500596,23.831916701713343,4.958929538726807,0.011245912492914284,1.7718993425369263,86.97850036621094,0.3403520150070568,53.62560272216797,64.33737182617188,0.2274836663014498,35.84222412109375,15.909826278686523,0.04605920569844201,7.257046222686768,0.9047575914021949,0.005573804915327613,0.8782059855963642,fr,RANDOM_2,20000000,2,wiki40b
