surprisal_mean,surprisal_sem,surprisal_std,surprisal_var_mean,surprisal_var_sem,surprisal_var_std,surprisal_var_doc_initial_mean,surprisal_var_doc_initial_sem,surprisal_var_doc_initial_std,surp_diff_squared_mean,surp_diff_squared_sem,surp_diff_squared_std,delta_surp_mean,delta_surp_sem,delta_surp_std,uidp_1_1_mean,uidp_1_1_sem,uidp_1_1_std,uidp_1_25_mean,uidp_1_25_sem,uidp_1_25_std,max_surp_mean,max_surp_sem,max_surp_std,surprisal_var_norm_mean,surprisal_var_norm_sem,surprisal_var_norm_std,language,variant,num_toks,model_seed,dataset
5.244446754455566,0.007086621517427472,4.902541637420654,21.635427474975586,0.20031625463069555,30.510501861572266,32.01163864135742,1.1702847741105242,58.957271575927734,23.961987898212904,0.22012285640025808,33.52811459518065,4.184332370758057,0.012623314069246458,1.922685146331787,83.25523376464844,0.4238842786505915,64.5639877319336,61.420806884765625,0.2766938031309407,42.144737243652344,15.775282859802246,0.056371870402130174,8.586308479309082,0.7866215571598708,0.00728310957278954,1.109306291994121,hi,RANDOM_5,20000000,2,wiki40b
