surprisal_mean,surprisal_sem,surprisal_std,surprisal_var_mean,surprisal_var_sem,surprisal_var_std,surprisal_var_doc_initial_mean,surprisal_var_doc_initial_sem,surprisal_var_doc_initial_std,surp_diff_squared_mean,surp_diff_squared_sem,surp_diff_squared_std,delta_surp_mean,delta_surp_sem,delta_surp_std,uidp_1_1_mean,uidp_1_1_sem,uidp_1_1_std,uidp_1_25_mean,uidp_1_25_sem,uidp_1_25_std,max_surp_mean,max_surp_sem,max_surp_std,surprisal_var_norm_mean,surprisal_var_norm_sem,surprisal_var_norm_std,language,variant,num_toks,model_seed,dataset
5.113356113433838,0.0071859725872809145,4.9723029136657715,22.30023956298828,0.194562201588755,29.63990592956543,33.07994079589844,1.1365624155971163,57.25838088989258,24.519984770093387,0.21494939614573183,32.7464664436538,4.378645896911621,0.012807190225524472,1.95106840133667,81.47513580322266,0.4180915199935936,63.69422149658203,60.37639617919922,0.2728994780974246,41.57481002807617,15.76453685760498,0.05592931207871467,8.52053165435791,0.8529002516189857,0.007441258910726665,1.1336141899109626,hi,RANDOM_2,20000000,2,wiki40b
