surprisal_mean,surprisal_sem,surprisal_std,surprisal_var_mean,surprisal_var_sem,surprisal_var_std,surprisal_var_doc_initial_mean,surprisal_var_doc_initial_sem,surprisal_var_doc_initial_std,surp_diff_squared_mean,surp_diff_squared_sem,surp_diff_squared_std,delta_surp_mean,delta_surp_sem,delta_surp_std,uidp_1_1_mean,uidp_1_1_sem,uidp_1_1_std,uidp_1_25_mean,uidp_1_25_sem,uidp_1_25_std,max_surp_mean,max_surp_sem,max_surp_std,surprisal_var_norm_mean,surprisal_var_norm_sem,surprisal_var_norm_std,language,variant,num_toks,model_seed,dataset
5.196200847625732,0.007247193471492633,5.015185356140137,22.611051559448242,0.19364259448112098,29.48898696899414,33.308128356933594,1.11759911545131,56.30302429199219,24.860411107801433,0.21377076689535784,32.55497876742114,4.476179599761963,0.012738561621036863,1.9399046897888184,82.80766296386719,0.4238975620987138,64.55484008789062,61.31855392456055,0.277086537194906,42.19731140136719,15.90701961517334,0.056066863724461784,8.538383483886719,0.8374295230115347,0.007171814282181141,1.0921663023527954,hi,RANDOM_1,20000000,2,wiki40b
