surprisal_mean,surprisal_sem,surprisal_std,surprisal_var_mean,surprisal_var_sem,surprisal_var_std,surprisal_var_doc_initial_mean,surprisal_var_doc_initial_sem,surprisal_var_doc_initial_std,surp_diff_squared_mean,surp_diff_squared_sem,surp_diff_squared_std,delta_surp_mean,delta_surp_sem,delta_surp_std,uidp_1_1_mean,uidp_1_1_sem,uidp_1_1_std,uidp_1_25_mean,uidp_1_25_sem,uidp_1_25_std,max_surp_mean,max_surp_sem,max_surp_std,surprisal_var_norm_mean,surprisal_var_norm_sem,surprisal_var_norm_std,language,variant,num_toks,model_seed,dataset
6.227468490600586,0.006978815921289781,5.471669673919678,26.73855209350586,0.15155406796652365,31.00863265991211,28.109128952026367,0.62370914125452,39.12005615234375,30.01821106636942,0.15586305727405508,31.890663247438894,5.243999481201172,0.011953378868838125,2.4457004070281982,72.55323791503906,0.25217698877959055,51.59711837768555,55.4262809753418,0.1758146706525345,35.972808837890625,15.876975059509277,0.039317480277908386,8.04461669921875,0.689468404622891,0.003907909715702789,0.7995758998632533,hu,RANDOM_1,20000000,2,wiki40b
