surprisal_mean,surprisal_sem,surprisal_std,surprisal_var_mean,surprisal_var_sem,surprisal_var_std,surprisal_var_doc_initial_mean,surprisal_var_doc_initial_sem,surprisal_var_doc_initial_std,surp_diff_squared_mean,surp_diff_squared_sem,surp_diff_squared_std,delta_surp_mean,delta_surp_sem,delta_surp_std,uidp_1_1_mean,uidp_1_1_sem,uidp_1_1_std,uidp_1_25_mean,uidp_1_25_sem,uidp_1_25_std,max_surp_mean,max_surp_sem,max_surp_std,surprisal_var_norm_mean,surprisal_var_norm_sem,surprisal_var_norm_std,language,variant,num_toks,model_seed,dataset
5.592062950134277,0.005765284228361864,4.642092227935791,21.483219146728516,0.19963895221316633,37.47513198852539,29.17483901977539,0.9923057319155091,62.17570114135742,22.859819606283867,0.2049751576944997,38.477500705615995,4.477484226226807,0.012033628262161877,2.2588987350463867,79.99215698242188,0.2713731334660187,50.94143295288086,59.637107849121094,0.18177594174567666,34.12252426147461,15.230318069458008,0.04008144975709056,7.523988246917725,0.6869967870960978,0.006384121876124859,1.1983967775312017,id,RANDOM_4,20000000,2,wiki40b
