surprisal_mean,surprisal_sem,surprisal_std,surprisal_var_mean,surprisal_var_sem,surprisal_var_std,surprisal_var_doc_initial_mean,surprisal_var_doc_initial_sem,surprisal_var_doc_initial_std,surp_diff_squared_mean,surp_diff_squared_sem,surp_diff_squared_std,delta_surp_mean,delta_surp_sem,delta_surp_std,uidp_1_1_mean,uidp_1_1_sem,uidp_1_1_std,uidp_1_25_mean,uidp_1_25_sem,uidp_1_25_std,max_surp_mean,max_surp_sem,max_surp_std,surprisal_var_norm_mean,surprisal_var_norm_sem,surprisal_var_norm_std,language,variant,num_toks,model_seed,dataset
5.531730651855469,0.0057913157512784405,4.663358211517334,21.713712692260742,0.19726230436652267,37.029483795166016,29.64499282836914,0.8081341978996228,50.64228057861328,23.138443452219395,0.20917453621173998,39.265799110543256,4.52548885345459,0.01217246180709954,2.2849762439727783,79.15486145019531,0.2688854995181923,50.474571228027344,59.04532241821289,0.18044781231873827,33.873207092285156,15.301560401916504,0.04099200494466974,7.694915771484375,0.7095943023138633,0.006446471281008989,1.2101178799113192,id,RANDOM_2,20000000,2,wiki40b
