surprisal_mean,surprisal_sem,surprisal_std,surprisal_var_mean,surprisal_var_sem,surprisal_var_std,surprisal_var_doc_initial_mean,surprisal_var_doc_initial_sem,surprisal_var_doc_initial_std,surp_diff_squared_mean,surp_diff_squared_sem,surp_diff_squared_std,delta_surp_mean,delta_surp_sem,delta_surp_std,uidp_1_1_mean,uidp_1_1_sem,uidp_1_1_std,uidp_1_25_mean,uidp_1_25_sem,uidp_1_25_std,max_surp_mean,max_surp_sem,max_surp_std,surprisal_var_norm_mean,surprisal_var_norm_sem,surprisal_var_norm_std,language,variant,num_toks,model_seed,dataset
5.630904674530029,0.0064330348532487345,5.275137901306152,26.3663387298584,0.18257562376498027,38.9582405090332,34.127864837646484,0.5555972073102308,32.42039108276367,28.55615403721011,0.18577698736867604,39.64151826024319,5.24533224105835,0.01197102676213772,2.5544028282165527,66.19184112548828,0.22634193418389104,48.29723358154297,50.79735565185547,0.1580899389582184,33.7335090637207,15.1165189743042,0.03504503224560018,7.477971076965332,0.8315629006213704,0.005758195992898509,1.2286970244896656,ru,RANDOM_2,20000000,2,wiki40b
