surprisal_mean,surprisal_sem,surprisal_std,surprisal_var_mean,surprisal_var_sem,surprisal_var_std,surprisal_var_doc_initial_mean,surprisal_var_doc_initial_sem,surprisal_var_doc_initial_std,surp_diff_squared_mean,surp_diff_squared_sem,surp_diff_squared_std,delta_surp_mean,delta_surp_sem,delta_surp_std,uidp_1_1_mean,uidp_1_1_sem,uidp_1_1_std,uidp_1_25_mean,uidp_1_25_sem,uidp_1_25_std,max_surp_mean,max_surp_sem,max_surp_std,surprisal_var_norm_mean,surprisal_var_norm_sem,surprisal_var_norm_std,language,variant,num_toks,model_seed,dataset
5.753884315490723,0.006162092953340756,5.052674770355225,24.42354965209961,0.19096416450961043,40.7481803894043,31.665111541748047,0.5829532940986719,34.0167121887207,26.818854307271046,0.18838150433269607,40.1972760440821,4.74432897567749,0.012017940728408484,2.564409017562866,67.24771118164062,0.23047363472408355,49.178916931152344,51.250572204589844,0.15998135347490436,34.137046813964844,14.868010520935059,0.03534125570796336,7.541189193725586,0.7377117673519422,0.005768058216067728,1.2308014482150447,ru,RANDOM_3,20000000,2,wiki40b
