surprisal_mean,surprisal_sem,surprisal_std,surprisal_var_mean,surprisal_var_sem,surprisal_var_std,surprisal_var_doc_initial_mean,surprisal_var_doc_initial_sem,surprisal_var_doc_initial_std,surp_diff_squared_mean,surp_diff_squared_sem,surp_diff_squared_std,delta_surp_mean,delta_surp_sem,delta_surp_std,uidp_1_1_mean,uidp_1_1_sem,uidp_1_1_std,uidp_1_25_mean,uidp_1_25_sem,uidp_1_25_std,max_surp_mean,max_surp_sem,max_surp_std,surprisal_var_norm_mean,surprisal_var_norm_sem,surprisal_var_norm_std,language,variant,num_toks,model_seed,dataset
5.939623832702637,0.006015988478981211,5.030838966369629,21.291847229003906,0.1359666967101951,30.24502944946289,32.863582611083984,0.6092769522085296,40.55698013305664,26.082422680021857,0.14377927037894733,31.983051537105275,4.483579635620117,0.010876100170521506,2.4193296432495117,66.42142486572266,0.23313975000394863,51.860836029052734,50.55208206176758,0.16154649450916256,35.93518829345703,14.011037826538086,0.03552455664963758,7.902259349822998,0.6035294056513048,0.003854026360080723,0.8573108166076259,tr,MIN_DL_OPT,20000000,2,wiki40b
