surprisal_mean,surprisal_sem,surprisal_std,surprisal_var_mean,surprisal_var_sem,surprisal_var_std,surprisal_var_doc_initial_mean,surprisal_var_doc_initial_sem,surprisal_var_doc_initial_std,surp_diff_squared_mean,surp_diff_squared_sem,surp_diff_squared_std,delta_surp_mean,delta_surp_sem,delta_surp_std,uidp_1_1_mean,uidp_1_1_sem,uidp_1_1_std,uidp_1_25_mean,uidp_1_25_sem,uidp_1_25_std,max_surp_mean,max_surp_sem,max_surp_std,surprisal_var_norm_mean,surprisal_var_norm_sem,surprisal_var_norm_std,language,variant,num_toks,model_seed,dataset
6.236582279205322,0.006010594781571017,5.026856422424316,20.996402740478516,0.1406605723118505,31.286373138427734,31.369205474853516,0.5715835778080917,38.043617248535156,26.168745164799038,0.14294420653899143,31.795046153559454,4.458584308624268,0.010981052818538332,2.442479372024536,69.55876159667969,0.24321441168683358,54.09809875488281,52.744937896728516,0.16795541838376968,37.35806655883789,14.201638221740723,0.03561764920649184,7.92240571975708,0.5398276347080321,0.0036164216399336155,0.8043916832039553,tr,RANDOM_3,20000000,2,wiki40b
