surprisal_mean,surprisal_sem,surprisal_std,surprisal_var_mean,surprisal_var_sem,surprisal_var_std,surprisal_var_doc_initial_mean,surprisal_var_doc_initial_sem,surprisal_var_doc_initial_std,surp_diff_squared_mean,surp_diff_squared_sem,surp_diff_squared_std,delta_surp_mean,delta_surp_sem,delta_surp_std,uidp_1_1_mean,uidp_1_1_sem,uidp_1_1_std,uidp_1_25_mean,uidp_1_25_sem,uidp_1_25_std,max_surp_mean,max_surp_sem,max_surp_std,surprisal_var_norm_mean,surprisal_var_norm_sem,surprisal_var_norm_std,language,variant,num_toks,model_seed,dataset
6.166399955749512,0.006004504994472857,5.021581172943115,20.89450454711914,0.13689618086009403,30.451051712036133,31.079683303833008,0.5859634600569522,39.00508499145508,25.993444343895963,0.1426448504517374,31.73006366637986,4.451959609985352,0.01085826413352382,2.415314197540283,68.80350494384766,0.24082692397946687,53.56964111328125,52.20980453491211,0.166400839795796,37.01421356201172,14.12570571899414,0.03545712628270525,7.88707160949707,0.5495048243689433,0.0036002109245623403,0.8008345305630916,tr,RANDOM_4,20000000,2,wiki40b
