surprisal_mean,surprisal_sem,surprisal_std,surprisal_var_mean,surprisal_var_sem,surprisal_var_std,surprisal_var_doc_initial_mean,surprisal_var_doc_initial_sem,surprisal_var_doc_initial_std,surp_diff_squared_mean,surp_diff_squared_sem,surp_diff_squared_std,delta_surp_mean,delta_surp_sem,delta_surp_std,uidp_1_1_mean,uidp_1_1_sem,uidp_1_1_std,uidp_1_25_mean,uidp_1_25_sem,uidp_1_25_std,max_surp_mean,max_surp_sem,max_surp_std,surprisal_var_norm_mean,surprisal_var_norm_sem,surprisal_var_norm_std,language,variant,num_toks,model_seed,dataset
6.221104145050049,0.005953169377656903,4.979006290435791,20.514554977416992,0.13942205920758616,31.01091957092285,31.021738052368164,0.5946101411568657,39.580718994140625,25.73161483621381,0.1425155135139186,31.69937170275365,4.355736255645752,0.010986285749065345,2.443636178970337,69.32354736328125,0.24348382840321794,54.15736770629883,52.50876235961914,0.1679827894822662,37.363853454589844,14.123629570007324,0.035752905577504754,7.9524455070495605,0.5300663076463981,0.0036024382216023024,0.8012813861953719,tr,RANDOM_5,20000000,2,wiki40b
